This file was created by CMPT_PRIOR_RETS using the 202309 CRSP database.,,,,,,,,,,
It contains value- and equal-weighted returns for  10 prior-return portfolios.,,,,,,,,,,
The portfolios are constructed monthly. PRIOR_RET is from -12 to - 2.,,,,,,,,,,
,,,,,,,,,,
The annual returns are from January to December.,,,,,,,,,,
,,,,,,,,,,
Missing data are indicated by -99.99 or -999.,,,,,,,,,,
,,,,,,,,,,
,,,,,,,,,,
,,,,,,,,,,
,,,,,,,,,,
  Average Equal Weighted Returns -- Monthly,,,,,,,,,,
Date,Lo PRIOR,PRIOR 2,PRIOR 3,PRIOR 4,PRIOR 5,PRIOR 6,PRIOR 7,PRIOR 8,PRIOR 9,Hi PRIOR
192701,-0.47,1.04,4.17,2.4,-0.31,3.08,1.48,0.64,-0.59,1.18
192702,8.49,3.88,8.33,7.59,4.79,5.47,5.4,4.3,5.76,5.58
192703,-6.15,-5.11,-2.38,-1.6,-1.63,-1.7,0.49,-1.53,0.37,-0.78
192704,2.61,-0.93,0.1,-1.2,0.09,0.4,1.27,-0.57,2.22,4.42
192705,1.12,3.73,6.01,5.17,7.55,9.27,6.61,8.21,6.91,10
192706,-6.99,-1.1,-1.95,-1.96,-2.56,0.13,-1.42,-0.92,-2.32,-2.67
192707,6.94,4.29,5.22,6.18,5.46,4.8,7.46,4.6,5.67,9.5
192708,-2.35,3.23,-1.05,0.08,1.55,0.74,1.92,0.66,0.47,-1.56
192709,-0.56,4.33,1.09,2.67,1.45,3.66,3.5,3.5,7.46,3.41
192710,-6.67,-4.49,-5.03,-4.66,-1.56,-3.02,-3.56,-1.13,-4.37,-4.49
192711,29.73,9.54,8.22,8.73,6.93,9.03,7.96,7.23,7.85,8.33
192712,4.28,0.93,1.63,4.37,4.7,3.93,1.58,1.51,4.41,4.9
192801,3.35,3.1,3.3,8.16,2.11,-0.11,3.38,0.11,0.73,9.42
192802,0.23,-2.61,-4.46,-0.66,-1.28,-0.75,-2.72,-3.98,-3.22,-5.43
192803,7.15,6.17,8.23,4.12,5.49,7.88,5.97,7.46,7.65,11.77
192804,7.62,10.14,15.25,13.48,7.35,14.96,3.55,4.08,3.82,8.14
192805,14.1,0.56,2.84,0.12,2.65,1.01,3.38,3.55,4.47,5.67
192806,-9.56,-6.68,-7.48,-5.8,-6.55,-4.1,-6.89,-7.75,-6.56,-7.11
192807,-2.38,-0.32,-1.04,0.06,-0.21,0.92,1.89,-0.32,1.49,1.9
192808,4.67,4.25,5.22,2.47,6.67,8.06,5.07,8.42,8.82,6.98
192809,4.68,6.46,3.18,2.4,3.2,4.46,7.19,4.87,6.16,8.3
192810,-0.16,-1.15,1.59,-0.01,-0.17,0.69,1.01,2.76,3.04,9.28
192811,8.95,11.87,8.85,10.53,10.49,13.5,14.9,8.98,12.15,18.89
192812,-5.59,-1.12,1.1,-0.79,-1.25,2.59,1.33,0.75,0.12,-0.58
192901,1.67,2.44,1.82,2.18,3.66,2.3,4.88,4.53,5.97,2.73
192902,-3.99,0.21,1.31,-0.01,-1.05,0.69,1.85,0.61,2.47,3.75
192903,-5.44,-2.62,-3.56,-2.25,-2.15,-3.26,-5.61,-2.32,-4.13,0.83
192904,-3.97,2.44,2.85,-0.76,0.89,1.38,2.84,2.01,2.22,3.01
192905,-13.58,-12.37,-6.57,-8.8,-5.25,-7.47,-6.85,-8.02,-9.68,-12.26
192906,3.8,5.62,3.71,6.17,4.53,7.63,7.95,10.6,14.88,13.03
192907,-0.39,-2.05,1.98,0.34,2.73,4.58,1.45,3.06,3.46,1.57
192908,-3.34,-0.46,0.4,-0.73,1.09,3.48,7.55,6.57,7.81,5.76
192909,-7.04,-7.93,-5.81,-3.91,-4.36,-3.79,-3.32,-3.98,-2.86,-1.01
192910,-22.44,-22.36,-21.08,-20.54,-14.82,-16.68,-16.14,-18.86,-20.77,-27.29
192911,-11.18,-13.45,-12.08,-8.08,-12.16,-7.96,-11,-10.6,-13.88,-16.02
192912,-13.28,-9.73,-3.57,-2.34,-1.38,-2.15,-3.52,1.21,1.57,4.53
193001,24.65,21.11,14.4,9.34,8.82,6.88,8.24,6.12,4.92,4.66
193002,4.74,4.71,3.89,3.13,1.54,2.24,2.57,1.67,2.3,3.8
193003,24.32,13.76,10.81,8.03,11.27,7.53,7.11,7.3,5.85,7.77
193004,-4.63,-2.46,-9.18,-7.55,-5.74,-4.45,-7.01,-3.84,0.11,-2.78
193005,-9.76,-7.44,-3.58,-3.98,-1.8,-4.25,-1.65,-2.17,-0.53,-2.54
193006,-24.61,-22.73,-22.11,-18.88,-19.99,-17.02,-14.18,-12,-14.71,-20.73
193007,5.06,4.35,4.35,-0.2,6.68,5.08,4.08,2.16,2.19,4.65
193008,-6.9,-2.52,-1.91,-3.55,-0.14,-2.06,-0.04,-1.84,1.01,0.48
193009,-21.83,-20.01,-20.38,-15.83,-14.99,-13.73,-13.35,-11.23,-10.33,-9.78
193010,-10.41,-13.97,-12.44,-14.05,-10.03,-8.46,-5.69,-8.44,-7.3,-7.71
193011,0.21,-0.17,-3.46,-1.86,-3,-2.47,-3.24,-3.53,-0.95,-0.79
193012,-24.93,-18.87,-17.71,-14.93,-15.95,-11.08,-13.32,-8.78,-6.4,-5.96
193101,28.27,24.73,17.09,14.49,13.07,11.4,10.67,6.51,4.98,11.64
193102,25.11,26.46,17.47,18.22,18.55,15.04,13.25,10.11,7.56,7.08
193103,-11.2,-11.21,-8.26,-2.41,-7.57,-6.94,-9.33,-4.86,-3.17,1.96
193104,-23.3,-19.08,-19.69,-17.72,-15.7,-15.55,-14.53,-10.12,-10.63,-8.58
193105,-17.6,-19.43,-15.65,-14.86,-15.68,-15.28,-12.48,-11.59,-9.96,-8.08
193106,27.38,30.56,21.25,21.53,23.04,18.47,14.27,11.45,10.72,8.59
193107,-11.72,-10.58,-10.19,-10.46,-8.98,-4.82,-5.11,-1.59,-3.7,-2.84
193108,1.05,-3.99,-0.42,-4.27,-3.59,-1.14,-1.57,-3.4,-0.03,-0.67
193109,-33.66,-38.36,-36.85,-30.03,-32.59,-28.66,-31.33,-29.52,-25.24,-25.88
193110,6.96,11.6,12.82,13.08,6.42,6.3,13.71,6.05,14.75,13.45
193111,-13.61,-12.96,-11.79,-11.56,-8.46,-7.16,-6.71,-8.94,-5.84,-3.54
193112,-27.17,-25.24,-23.92,-20.35,-19.53,-19.57,-15.84,-12.27,-15.44,-7.81
193201,31.56,9.79,8.5,7.47,13.41,7.93,1.69,1.63,2.66,3.18
193202,-2.21,1.43,2.18,-3.05,1.63,4.29,3.47,4.61,4.96,2.78
193203,-20.33,-16.26,-14.33,-12.26,-10.54,-14.16,-11.19,-9.16,-7.83,-5.86
193204,-22.51,-21.65,-18.28,-19.17,-20.73,-18.52,-18.32,-16.04,-15.21,-11.27
193205,-22.22,-23.3,-20.91,-20.24,-23.52,-19.23,-19.39,-19.26,-20.01,-16.9
193206,3.79,6.44,4.32,6.74,3.77,2.83,-1.35,2.14,7.22,5
193207,69.41,74.9,53.37,66.03,43.45,38.54,29.1,30.35,19.76,12.75
193208,113.99,113.43,74.44,77.17,75.69,62.38,47.54,35.74,37.75,31.12
193209,-10.38,-2.61,-8.36,-7.94,-7.76,-1.39,-7.16,-7.52,-4.67,-2.36
193210,-18.11,-14.48,-21.15,-16.92,-14.72,-15.98,-15.41,-15.53,-17.49,-18.53
193211,-9.63,-6.46,0.13,-10.05,-7.45,-6.66,-7.98,-3.89,-7.31,-7.94
193212,-10.1,-5.74,-5.95,-3.98,-4.12,-2.96,-2.72,-1.64,0.67,-0.25
193301,2.44,5.86,6.55,6.1,3.12,2.9,4.27,3.98,5.33,-3.38
193302,-18.91,-16.03,-20.01,-19.76,-14.78,-16.35,-15.45,-13.25,-12.88,-11.6
193303,6.25,10.97,11.63,6.82,13.91,13.68,9.47,7.86,11.63,12.14
193304,55.93,61.74,53.62,63.1,44.75,53.56,47.65,57.39,42.48,44.54
193305,78.23,73.53,70.12,68.01,49.49,50.63,62.4,56.19,38.88,55.76
193306,31.08,23.76,23.92,25.02,17.9,19.87,20.2,19.28,27.05,15.8
193307,-8.8,-11.31,-8.45,-10.34,-10.03,-8.62,-11.97,-6.21,-12.31,-9.27
193308,4.83,3.53,12.84,11.77,13.41,15.29,13.96,14.47,12.5,10.79
193309,-21.18,-16.86,-16.92,-15.96,-14.27,-9.41,-14.7,-13.68,-13.57,-15.17
193310,-9.44,-10.7,-10.88,-10.53,-12.88,-10.7,-10.64,-12.35,-10.79,-10.9
193311,0.31,2.72,7.75,10.32,7.3,6.33,9.53,10.95,4.7,6.23
193312,-1.71,-1.35,2.95,2.69,2.19,1.19,3.73,3.73,2.63,2.91
193401,42.93,38.9,34.02,30.84,32.27,28.82,25.74,27.38,35.48,26.62
193402,0.19,0.35,1.27,1.75,1.23,0.41,0.83,-0.22,0.14,3.78
193403,-1.16,0.21,3.01,-0.17,-0.07,-1.06,2.25,1.67,0.59,2.25
193404,1.17,-0.44,3.33,0.96,0.27,1.08,-1.99,0.63,-0.83,-3.95
193405,-8.92,-9.15,-9.25,-9.24,-11.02,-12.3,-11.86,-12.27,-13.46,-12.38
193406,-2.01,-0.1,0.01,0.57,0.94,0.78,1.7,2.72,-2.2,-0.23
193407,-22.45,-22.94,-22.34,-20.61,-19.36,-18.22,-20.03,-12.39,-13.35,-17.85
193408,6.81,11.12,13.01,9.81,8.63,9.13,9.62,8.73,11.11,12.15
193409,-2.12,-2.8,-2.34,-1.06,-1.85,-0.21,-0.88,0.91,-0.7,-1.1
193410,-5.65,-6.77,-5.31,-3.44,-3.58,-1.31,0.5,1.92,1.95,1.95
193411,12.82,11.92,12.13,13.37,10.6,13.44,13.77,15.82,14.89,13.53
193412,2.04,-3.55,0.57,0.6,1.21,1.08,0.7,2.11,4.32,6.7
193501,-3.77,-3.75,-4.88,-1.87,-2.01,-4.78,-3.38,-2.71,-3.37,-2.25
193502,-18.66,-12.11,-10.89,-7.03,-8.08,-2.36,-0.58,0.26,1.27,1.11
193503,-11.56,-10.66,-7.74,-9.92,-6.1,-8.28,-6.71,-3.58,-4.97,-4.82
193504,9.66,18.37,9.75,10.47,12.94,10.88,5.99,6.99,8.25,6.64
193505,5.49,1.04,3.89,2.12,3.69,2.48,1.1,0.39,1.85,2.64
193506,-1.9,1.91,3.31,2.71,6.06,6.23,5.03,6.38,5.68,6.98
193507,13.86,15.21,15.29,11.84,9.95,4.79,12.16,8.35,8.79,9.2
193508,26.04,16.58,12.64,5.03,4.36,3.82,4.09,3.87,2.8,5.98
193509,-9.7,0.81,0.7,2.13,2.85,4.72,2,4.52,5.8,9.7
193510,8.25,10.15,4.89,7.83,8.28,7.01,8.92,9.48,8.99,11.09
193511,42.25,24.11,14.05,9.96,15.09,8.64,6.51,9.27,9.27,10.69
193512,-1.12,3.31,7.21,5.44,4.83,4.02,9.76,6.61,8.45,10.03
193601,25.02,16.62,17.06,11.9,13.01,10.71,14.57,15.43,17.24,11.19
193602,1.48,2.16,1.99,3.31,5.8,6.88,6.04,8.1,5.47,2.75
193603,0.33,-1.39,1.64,0.17,-0.91,0.97,0.88,-0.4,2.59,4.03
193604,-5.82,-4.26,-11.17,-11.86,-13.23,-13.7,-16.68,-13.79,-15.45,-18.98
193605,2.48,2.73,5.05,3.88,4.29,5.23,7.44,6.42,6.23,8.6
193606,-1.08,0.95,-0.27,0.28,0.86,0.86,0.16,-1.08,2.06,-3.18
193607,2.95,5.6,5.66,10.21,8.06,7.09,10.15,8.77,10.34,10.04
193608,0.51,0.48,2.62,2.95,4.31,3.21,-0.18,4.14,3.95,0.34
193609,5.8,1.09,3.23,3.04,2.82,5.15,0.7,3.79,2.6,4.51
193610,6.48,5.59,4.78,7.24,4.35,7.15,9.87,7.37,6.24,6.82
193611,8.62,10.34,6.58,9.52,8.33,7.75,10.46,10.98,10.74,8.53
193612,1.36,1.5,1.96,6.89,1.03,1.72,2.37,1.48,6.52,2.38
193701,7.3,9.05,6.6,9.86,6.89,10.23,5.05,7.32,6.88,9.91
193702,0.75,2.42,1.1,4.44,1.97,2.21,2.32,1.3,3.51,6.89
193703,-3.56,1.15,0.96,-1.07,-1.13,0.21,1.21,0.71,-0.43,2.34
193704,-12.24,-10,-8.85,-8.11,-9.5,-8.67,-8.77,-10.22,-11.69,-14.95
193705,-4.71,-2.07,-3.02,-0.33,-3.1,-3.02,-2.35,-2.06,-1.43,-2.1
193706,-10.8,-7.77,-7.15,-7.08,-5.47,-6.94,-7.1,-7.94,-6.66,-10.07
193707,15.13,8.97,9.48,9.16,9.6,9.34,9.43,9.28,9.89,11.27
193708,-7.99,-4.82,-5.91,-4.95,-4.45,-3.39,-4.38,-5.88,-6.61,-5.94
193709,-21.05,-17.91,-15.83,-16.04,-17.47,-17.84,-19.52,-20.9,-23.1,-25.57
193710,-8.19,-9.28,-8.94,-11.18,-10.05,-9.36,-9.11,-10.84,-11.05,-12.55
193711,-13.38,-11.62,-10.54,-10.84,-10.33,-9.52,-10.45,-9.65,-10.35,-12.35
193712,-18.4,-11.18,-11.35,-14.54,-8.56,-8.48,-7.82,-7.32,-8.32,-7.42
193801,10.51,6.82,3.37,4.93,1.23,4.57,2.86,2.66,3.47,1.49
193802,5.99,6.04,3.99,8.97,7.47,7.61,6.78,5.63,5.81,3.81
193803,-38.92,-34.24,-33.12,-31.65,-32.1,-28.79,-27.48,-25.24,-21.1,-16.96
193804,23.62,29.41,24.12,24.59,21.89,19.1,17.46,18.19,13.96,13.55
193805,-8.76,-10.37,-10.19,-8.79,-9.6,-7.82,-5.72,-5.97,-4.09,0.39
193806,36.76,42.24,37.8,38.37,38.52,35.09,29.29,25.29,17.75,10.37
193807,22.68,12.06,15.05,12.59,12.31,11.91,10.53,11.01,7.78,6.11
193808,-12.48,-8.67,-7.52,-8.18,-8.08,-5.44,-5.46,-3.89,-3.59,-0.96
193809,-3.44,-3.31,-2.76,-0.91,-2.39,-1.63,-0.66,-0.26,0.28,0.17
193810,18.5,17.66,18.85,17.72,12.86,14.38,10.59,9.48,10.36,12.89
193811,-13.95,-2.17,-6.26,-5.7,-4.95,-1.85,-0.75,-1.83,-1.89,0.54
193812,1.85,1.53,0.88,3.02,2.96,2.7,4.82,3.75,5.16,6.52
193901,-4.69,-7.41,-6.78,-7.2,-7.26,-7.2,-8.92,-7.92,-9.82,-9.34
193902,1.52,2.74,3.66,4.2,3.85,3.6,4.73,5.05,5.6,6.77
193903,-18.09,-17.03,-16.73,-15.38,-17.6,-18.57,-16.06,-15.53,-18.98,-20.62
193904,-2.56,-1.06,-1.49,0.9,1.21,-1.46,1.27,0.44,0.86,3.74
193905,6.11,5.98,8.82,8.42,7.6,9.44,8.09,7.92,10.66,12.52
193906,-8.82,-9.06,-11.24,-7.88,-8.09,-7.56,-8.24,-7.22,-8.12,-8.39
193907,12.91,14.6,14.29,16.09,13.87,13.43,11.38,12.9,10.67,15.82
193908,-12.11,-13.34,-11.64,-12.36,-11.83,-11.09,-9.17,-9.76,-6.68,-7.99
193909,105.49,59.4,53.22,46.88,33.59,28.89,27.26,16.83,19.27,15.08
193910,-8.72,-2.35,-3.17,-2.88,-0.96,0.43,0.87,1.89,2.49,3.95
193911,-7.54,-10.05,-6.4,-7.49,-8.2,-7.74,-7.23,-10.09,-7.29,-9.9
193912,-1.78,-0.36,-1.15,2.36,2.13,1.92,1.68,3.07,2.7,5.03
194001,-1.26,-4.13,-2.01,-3.35,-4.65,-1.26,-0.17,-1.35,-1.54,-0.55
194002,0.6,1.56,3.3,4.13,1.94,2.68,3.29,2.94,3.56,6.67
194003,3.21,1.87,2.65,3.4,1.9,3.14,2.11,3.41,1.99,3.65
194004,-6.74,1.41,-0.51,1.64,0.22,0.52,0.84,2.39,4.72,8.14
194005,-26.19,-29.78,-28.09,-26.52,-25.53,-25.57,-25.01,-25.8,-27.15,-30.15
194006,8.06,8.83,6.52,7.19,4.73,7.49,6.53,5.75,6.03,6.39
194007,2.24,3.63,3.79,4.28,2.93,3.54,3.16,3.86,5,5.11
194008,1.96,3.09,2.61,1.61,2.69,2.72,1.28,2.4,2.13,1.32
194009,2.96,4.13,4.04,3.71,3.79,4.36,4.6,4.16,3.73,2.78
194010,1.57,9.51,7.98,6.93,5.33,3.6,3.53,3.65,2.15,4.87
194011,-3.71,-2.25,2.26,0.54,0.1,0.43,-1.03,0.09,0.91,0.94
194012,-10.6,-4.52,-1.91,-1.23,-2.17,-0.79,-0.48,0.03,0.5,2.67
194101,17.66,0.36,0.59,-2.07,-2.41,-4.37,-4.32,-3.72,-3.37,-4.35
194102,-1.93,-3.32,-2.12,-2.2,-1.99,-0.66,-1.28,-3.59,-0.69,-1.5
194103,-0.4,1.98,1.44,1.36,1.45,-0.04,1.22,2.52,2.53,0.77
194104,-9.49,-7.45,-6.91,-6.77,-5.76,-5,-5.52,-1.85,-4.21,-4.63
194105,-1.13,-0.19,1.08,1.09,1.88,1.34,1.11,1.85,1.66,2.28
194106,7.76,7.11,6.65,5.96,5.79,6.34,6.11,5.8,7.41,7.96
194107,25.08,15.56,13.4,12.4,9.65,10.77,9.9,10.4,9.94,12.53
194108,-1.93,-3.56,-1.09,-1.02,-0.94,0.39,2.23,-0.14,0.13,-0.61
194109,-3.47,-1.04,-0.19,-2.58,-1.05,-2.9,-2.34,-1.69,-2.08,-2.85
194110,-13.06,-6.7,-5.83,-7.29,-6.01,-7.01,-4.12,-4.66,-3.99,-3.31
194111,-10.22,-3.85,-5.09,-4.37,-3.6,-2.8,-0.72,-1.33,-0.97,-0.88
194112,-15.68,-9.59,-7.18,-6.96,-5.23,-7.05,-6.82,-6.43,-7.95,-9.26
194201,30.97,19.79,8.73,10.46,8.06,7.21,6.52,6.81,11.77,18.13
194202,0.97,-0.37,-2.18,-2.89,-1.45,-2.54,-1.14,-1.78,-1.31,-1.5
194203,-4.49,-3.15,-5.6,-5.91,-5.1,-6.5,-3.7,-4.11,-6.32,-6.87
194204,-3.37,-4.63,-3.85,-4.77,-5.68,-5.73,-5.42,-4.53,-5.45,-2.07
194205,5.95,5.11,4.18,5.59,1.57,2.15,1.49,0.23,1.78,0.27
194206,2.38,3.9,3.03,2.49,2.82,2.77,3.07,1.44,1.7,0.91
194207,4.45,3.72,5.05,4.5,3.12,5.78,4.68,3.65,4.51,7.69
194208,3.41,3.06,3.39,3.22,1.53,3.31,2.02,2.96,1.67,4.05
194209,10.52,3.99,4.24,2.56,2.6,3.67,3.62,3.49,3.79,9.22
194210,20.45,13.32,10.1,9.89,7.92,7.91,6.73,8.18,7.19,7.21
194211,-2.53,-1.2,-2.13,0.42,-1.72,-1.21,-0.28,0.5,-2.47,-4.56
194212,1.98,4.15,2.18,2.18,2.94,3.96,5.95,5.25,2.8,3.98
194301,15.68,13.43,13.16,10.9,15.04,13.73,13.9,16.62,23.03,29.76
194302,32.48,12.03,10.09,16.79,9.48,14.58,8.89,8.61,9.19,10.49
194303,11.53,9.37,8.98,10.37,9.11,8.35,11.09,13.95,14.53,14.35
194304,0.31,0.09,-0.42,2.29,1.7,0.61,6.28,6.55,6.35,11.58
194305,4.37,5.84,6.22,6.42,4.9,8.28,8.71,10.27,11.9,16.63
194306,1.1,1.34,1.73,2.78,1.41,2.21,2.1,1.88,0.04,-3.16
194307,-2.8,-3.85,-4.5,-4.91,-5.86,-5.61,-6.99,-7.14,-10.11,-12.18
194308,-0.86,0.72,-0.45,0.43,0.08,2.45,0.73,1.06,1.38,-2
194309,1.13,2.71,2.58,2.92,2.76,4.22,4.7,3.76,5.09,5.35
194310,1.26,-0.58,-0.5,-0.42,-0.5,-0.41,-1.13,0.19,0.65,-2.28
194311,-10.23,-7.25,-6.08,-7.81,-7.32,-7.21,-6.95,-10.67,-11.58,-14.71
194312,7.17,7.8,6.84,7.18,9.15,8.17,10.86,13.79,13.1,14.37
194401,3.97,3.16,3.65,3.81,4.29,3.02,5.17,6.13,3.84,7.64
194402,1.17,0.91,0.86,1.77,1.68,1.09,1.02,1.12,2.67,2.57
194403,3.65,2.55,2.93,2.77,3.21,4.21,3.29,4.21,8.02,6.56
194404,-5.11,-3.54,-2.7,-2.61,-3.07,-2.34,-2.23,-2.57,-3.06,-2.59
194405,4.35,5.93,6.06,6.36,5.5,7.69,6.94,7.34,8.16,7.73
194406,21.53,16.43,9.1,9.5,9.65,9.16,6.67,7.55,8.85,5.64
194407,-3.92,0.98,-2.05,-0.86,-0.78,-0.97,-1.15,-0.72,-1.44,-1.9
194408,0.63,1.08,1.77,2.68,1.62,2.01,3.47,4.83,5.56,7.39
194409,0.54,-0.47,1.13,0.08,-0.65,0.02,0.64,-0.14,-0.39,-1.09
194410,0.06,-0.32,0.51,-0.17,0.79,1.79,-0.56,-0.06,-0.73,-1.03
194411,1.58,2.25,2.13,1.37,2.6,2.77,2.19,2.69,2.77,3.46
194412,5.73,4.39,6.69,5.24,6.19,7.63,7.73,7.72,10.64,8.06
194501,4.44,3.69,3.94,3.78,3.27,3.57,2.92,4.06,6.26,8.25
194502,8.55,6.43,6.51,6.95,8.59,8.99,8.01,10.4,9.23,11.36
194503,-3.77,-3.3,-4.54,-4.77,-6.32,-5.35,-5.55,-5.62,-7.97,-9.1
194504,7.13,6.85,7.34,7.12,9.71,9.02,9.5,9.1,10.95,12.69
194505,4.27,2.82,2.18,3.4,0.97,2.59,2.82,2.76,4.65,3.09
194506,2.4,1.52,2.26,1.27,2.89,1.54,3.4,5.42,6.76,8.6
194507,-3.61,-2.46,-3.02,-2.15,-3.26,-3.25,-2.86,-3.6,-4.75,-5.37
194508,6.33,6.98,6.62,7.79,7.47,7.98,7.92,6.8,5.55,3.29
194509,5.9,6.04,5.22,6.83,6.61,5.91,6.63,7.55,6.72,5.65
194510,7.37,5.35,6.06,7.49,6.94,7.48,5.46,5.89,6.19,6.71
194511,8.42,6.16,7.62,9.33,7.75,9.81,10.18,11.36,13.65,9.58
194512,1.42,1.97,1.18,2.55,1.47,3.76,2.42,3.54,2.45,3.66
194601,7.74,5.25,7.91,8.4,10.4,11.17,10.02,8.41,11.03,14.76
194602,-4.48,-6.38,-5.72,-7.04,-5.37,-6.41,-8.54,-6.94,-7.17,-7.88
194603,5.19,4.86,5.38,5.09,4.79,6.7,7.01,7.94,6.55,5.31
194604,3.02,3.56,3.36,4.9,6.53,5.73,5.58,6.57,6.93,7.15
194605,6.37,5.87,4.29,7.16,6.29,5.83,5.97,6.06,4.65,3.38
194606,-4.32,-3.14,-4.58,-3.19,-5.52,-4.81,-5.48,-6.14,-5.68,-6.31
194607,-5.43,-3.79,-3.49,-4.21,-4.64,-4.09,-4.45,-3.78,-4.04,-3.63
194608,-8.19,-6.6,-7.35,-6.07,-7.02,-7.03,-8.12,-8.12,-8.1,-8.3
194609,-17.01,-14.22,-13.84,-12.81,-12.2,-12.8,-12.23,-12.93,-12.34,-13.93
194610,-1.85,-1.66,-1.57,-1.88,-0.28,-0.62,-0.8,-0.49,-1.39,-1.63
194611,-2.54,-1.54,1.11,0.16,-0.05,1.18,0.82,0.28,-0.53,-1.13
194612,2.08,3.47,7.08,5.36,4.83,4.78,4.76,2.88,4.82,7.26
194701,8.03,7.15,4.69,4.75,2.26,2.69,0.55,1.34,-0.54,-0.15
194702,-0.06,-0.74,-1.56,-0.38,-0.51,-0.35,-0.24,-0.68,-0.85,-0.5
194703,-7.18,-4.29,-3.91,-2.9,-2.58,-2.42,-1.96,-1.3,-1.83,-1.3
194704,-14.46,-10.37,-9.44,-8.89,-7.24,-7.06,-6.42,-4.78,-6.32,-6.72
194705,-7.35,-6,-5.26,-3.72,-2.37,-3.4,-3.4,-2.6,-2.37,-2.07
194706,7.95,5.79,5.37,7.24,4.87,5.8,6.53,5.28,4.63,4.69
194707,8.23,8.37,7.17,6.27,6.55,5.49,4.62,4.94,4.77,5.79
194708,-4.13,-3.26,-3.43,-1.38,-1.75,-1.63,-0.85,0.25,-0.65,-0.61
194709,1.84,-1.11,0.21,0.58,0.51,-0.06,0.88,0.2,0.9,2.69
194710,2.81,4.31,3.62,3.86,2.51,3.71,2.5,3.3,2.79,4.55
194711,-7.06,-4.79,-4.57,-3.5,-2.56,-2.82,-1.71,-1.35,-0.86,0.06
194712,-1.25,1.07,-0.14,2.81,2.53,1.24,2.8,2.81,5.47,5.82
194801,2.63,0.21,0.63,-0.17,-3.03,-3.16,-2.84,-2.84,-4.31,-3.97
194802,-9.38,-6.65,-6.44,-5.89,-5.04,-4.83,-4.51,-5.42,-6.09,-5.71
194803,12.71,9.95,7.7,9.75,8.45,7.52,8.43,9.8,9.7,12.22
194804,0.09,2.43,4.09,2.67,4.65,2.49,4.02,5.03,5.5,7.3
194805,10.62,9.65,6.45,8.14,9.69,7.52,7.73,9.21,10.13,8.26
194806,-5.96,-2.56,-2.53,-2.31,-1.43,-1.28,-0.97,0.07,0.1,3.62
194807,-5.33,-5.91,-4.03,-3.89,-5.11,-5.67,-5.87,-5.15,-6.89,-5.35
194808,-1.7,-0.53,0.39,-0.15,0.2,-0.92,0.26,0.15,-0.05,0.36
194809,-7.44,-4.24,-3.13,-3.02,-3.23,-3.67,-3.93,-4.39,-4.5,-5.56
194810,4.11,4.67,5.11,4.53,4,5.22,6.23,6.51,5.61,7.15
194811,-16.05,-11.07,-10.29,-8.35,-8.85,-9.33,-9.42,-10.26,-10.14,-12.85
194812,-2.51,-0.18,-0.93,0.28,1.23,1.43,1.64,3.1,3.91,4.47
194901,6.02,3.12,1.71,2.76,2.05,1.04,1.41,0.61,0.65,-0.33
194902,-6.03,-4.4,-4.48,-3.67,-2.99,-4.6,-2.71,-3.72,-4.04,-4.33
194903,7.78,6.72,7.24,4.94,6.23,4.02,5.44,5.08,5.33,7.11
194904,-5.53,-4.87,-4.03,-3.77,-2.73,-2.89,-3.29,-1.76,-1.34,-1.23
194905,-8.65,-6.34,-5.03,-4.64,-4.36,-3.25,-2.19,-3.87,-2.03,-2.53
194906,-0.35,-0.56,-0.46,-0.58,-1.51,-1.84,-1.29,0.27,-1.25,-0.08
194907,7.32,7.15,6.7,7.04,6.55,5.91,5.7,5.05,5.41,5.69
194908,1.99,2.68,1.14,2.47,3.06,2.99,2.66,1.98,3.49,2.31
194909,7.3,5.39,4.3,3.91,3.35,2.79,3.69,3.43,3.63,5.14
194910,6.83,3.38,4.42,4.12,2.58,3.59,3.75,2.7,3.29,4.48
194911,-3.73,1.2,1.09,0.89,0.39,1.26,1.63,1.01,2.76,2.16
194912,9,9.08,7.49,7.99,5.29,6.03,5.98,6.64,6.93,6.65
195001,7.44,6.28,5,3.96,2.37,3.28,2.34,2.77,2.84,4.02
195002,0.42,2.05,1.56,0.33,0.72,1.74,1.25,1.71,3.94,2.55
195003,-2.41,-0.81,-0.05,-0.11,-0.66,-0.18,-0.48,0.85,-0.43,1.96
195004,7.48,6.99,4.34,4.26,5.36,4.67,2.78,4.54,4.18,4.14
195005,3.65,4.08,1.71,2.5,4.09,2.59,4.04,3.56,3.46,3.35
195006,-6.76,-6.06,-7.27,-5.91,-7.14,-7.28,-7.42,-8.87,-9.53,-8.71
195007,5.72,6.03,2.73,5.13,5.8,5.57,6.23,7.13,6.43,1.84
195008,4.33,3.99,4.62,5.4,3.7,4.23,4.8,5.91,6.42,7.17
195009,6.96,5.15,6.5,5.09,4.54,5.01,5.41,5.34,5.19,5.54
195010,-1.38,-2.25,-0.22,-0.01,-0.53,-0.72,-0.01,0.12,0.34,0.29
195011,0.39,0.37,1.3,2.55,3.56,5.91,2.72,5.1,4.5,6.52
195012,5.84,5.5,6.58,7.26,9.22,7.89,9.53,10.01,10.64,13.3
195101,8.51,6.74,7.6,6.2,7.36,6.78,7.82,7.11,8.61,8.83
195102,2.16,2.38,1.89,0.64,1.51,0.84,0.28,0.3,0.72,0.91
195103,-0.67,-2.89,-1.94,-2.48,-2.84,-3.49,-4.13,-4.84,-4.66,-6.19
195104,0.9,1.26,1.65,3.35,3.37,4.56,6.18,6.47,5.96,6.98
195105,-2.5,-2.3,-1.9,-2.49,-3.08,-1.84,-2.84,-1.95,-2.49,-3.61
195106,-3.54,-2.6,-2.65,-3.57,-4.24,-4.35,-5.73,-5.32,-5.54,-8.04
195107,2.32,3.88,3.72,4.6,5.24,5.46,7.48,9.16,10.07,10.97
195108,5.89,4.3,3.96,3.36,4.57,5.23,5.19,4.71,5.55,4.54
195109,0.97,2.32,1.82,3.02,1.87,1.82,2.71,3.84,2.17,2.21
195110,-2.25,-2.43,-1.33,-1.59,-1.83,-3.79,-3.43,-2.57,-2.36,-2.74
195111,-0.4,0.46,0.12,0.94,0.88,0.61,1.51,1.11,1.38,0.7
195112,0.56,0.63,1.17,0.85,1.36,1.79,1.72,2.14,2.86,1.98
195201,1.13,0.53,1.1,2.44,2,1.76,0.95,2.62,1.8,2.53
195202,-3.2,-2.27,-1.89,-1.29,-1.58,-0.61,-1.56,-1.84,-2.56,-3.49
195203,1.54,2.48,2.17,2.7,2.22,3.04,2.74,3.26,3.8,4.79
195204,-5.85,-3.38,-3.49,-4.3,-3.32,-3.67,-3.77,-4.08,-5.37,-7.39
195205,1.75,1.36,2.32,1.96,2.26,2.64,2.94,2.66,3.19,2.76
195206,2.28,2.63,2.44,3.66,3.4,2.51,3.5,3.28,3.29,3.84
195207,-0.06,0.47,1.54,1.51,1.59,1.6,0.87,0.89,1.1,1.05
195208,-0.17,-0.31,-0.17,0.64,-0.31,-0.42,0.56,0.28,0.05,-0.11
195209,-3.37,-2.43,-1.96,-1.89,-1.61,-0.62,-0.31,-1.38,-0.46,-1.48
195210,-2.54,-2.88,-1.85,-0.63,-1.73,-0.92,-1.1,0.19,-0.59,0.68
195211,5.39,6.13,4.36,5.22,4.93,5.37,5.92,5.98,6.13,6.45
195212,0.81,1.13,1.26,1.74,3.53,2.64,2.76,3.66,2.41,2.66
195301,4.32,2.26,2.23,2.23,2.08,2.58,2.19,3.43,1.18,2.1
195302,1.52,0.97,0.9,0.4,1.31,1.33,0.82,1.73,1.11,2.03
195303,-1.37,-1.53,-0.81,0.09,-0.26,-1.17,-1.53,-0.86,-1.05,-2.54
195304,-4.35,-3.24,-2.44,-1.84,-2.07,-1.77,-1.82,-1.65,-2.17,-2
195305,-0.41,-0.24,0.1,0.98,0.67,0.54,0.55,1.35,1.09,1.6
195306,-5.06,-2.14,-3.22,-3.3,-3.61,-3.12,-2.31,-3.38,-2.59,-3.43
195307,0.65,1.97,1.69,1.66,1.81,2.46,2.06,1.87,1.23,1.98
195308,-7.13,-6.8,-5.55,-5.24,-3.58,-4.84,-4.35,-4.37,-4.4,-5.07
195309,-4.24,-2.85,-1.15,-0.74,-1.31,-0.42,-0.89,-0.28,0.58,0.4
195310,1.58,3.64,4.32,3.38,3.64,4.53,3.82,3.61,3.88,4.82
195311,1.28,1.23,1.45,0.89,2.92,1.95,2.81,3.16,2.75,3.4
195312,-7.26,-4.16,-3.72,-1.58,-1.3,-0.88,0.26,0.92,0.8,1.6
195401,13.1,10.39,8.98,7.56,7.3,6.45,5.06,4.17,4.2,4.09
195402,-0.11,0.1,1.86,0.61,1.05,1.11,2.04,1.71,2.37,2.24
195403,1.96,2.61,1.3,1.43,1.6,2.96,3.55,2.96,4.05,5.82
195404,-2.52,-0.72,0.21,1.42,1.37,2.99,3.36,1.96,3.99,4.31
195405,5.99,5.43,5.95,3.74,3.74,3.53,4.17,3.61,2.76,3.94
195406,0.25,-0.81,0.07,1.21,0.99,3.02,1.23,1.21,2.46,2.97
195407,9.62,7.81,7.24,6.58,6.9,5.72,6.38,7.83,6.37,7.94
195408,-0.07,-0.05,-0.69,-0.62,-0.64,-0.21,-1.99,-1.5,-2.19,-1.05
195409,3.9,3.73,3.05,4.03,3.94,4.4,4.61,5.35,4.89,5.95
195410,-2,-1.08,-0.79,-1.44,-0.68,-0.65,-1.02,-0.46,0.56,0.31
195411,9.37,8.46,8.11,7.45,7.62,8.27,10.55,10.14,10.77,10.34
195412,12.9,10.76,7.39,8.02,7.68,8.73,8.56,8.44,7.8,8.66
195501,1.21,0.38,1.17,1.19,0.65,1.07,2.05,0.42,2.15,4.03
195502,4,2.95,3.48,3.47,3.08,4.41,5.2,6,4.89,5.35
195503,-1.12,0.17,0.1,-0.03,-0.29,0.34,-0.17,-0.97,1.64,1.45
195504,2.31,2.48,2.16,2.16,1.69,3.26,3.05,2.08,2,2.01
195505,-0.2,1.18,0.66,1.34,0.91,0.45,1.2,0.12,0.2,1.47
195506,2.18,3.11,2.5,3.21,3.45,3.77,4.9,3.72,3.98,4.63
195507,1.49,1.38,1.11,0.3,1.8,0.21,0.82,0.07,1.85,-1.21
195508,-0.94,-0.11,0.01,0.39,-0.03,1.15,0.93,0.61,1.27,2.48
195509,-1.02,-0.23,-1.07,-1.13,-1.54,-0.81,-1.6,-0.01,-1.07,0.77
195510,-2.22,-1.85,-1.82,-1.61,-1.21,-0.49,-1.15,-2.18,-1.5,-2.7
195511,5.34,3.78,3.38,4.43,5.37,5.51,5.47,6.34,7.22,8.06
195512,2.53,2.58,2.39,1.92,2.51,1.52,1.35,3.33,2.37,1.95
195601,-1.04,-1.61,-1.44,-0.87,-1.94,-1.58,-3.28,-2.05,-2.35,-4.37
195602,2.82,2.63,1.89,3.22,2.95,3.01,3,3.39,5.19,5.28
195603,1.27,4.35,3.93,4.86,5.59,4.7,5.78,6.26,7.59,7.17
195604,-0.43,-0.36,-0.47,-1.1,-0.46,0.09,0.8,0.96,2.12,2.96
195605,-4.55,-3.9,-2.85,-3.6,-2.57,-3.81,-4.03,-5.49,-5.76,-3.64
195606,0.34,0.69,1.64,0.98,2.02,1.53,2.33,3.57,3.63,4.73
195607,1.1,3.34,3.24,2.6,3.89,5.18,4.11,4.7,4.93,6.1
195608,-1.86,-1.64,-1.66,-1.85,-1.26,-0.28,-1.56,-2.39,-3.09,-2.27
195609,-4.51,-2.83,-3.06,-2.84,-2.33,-3.41,-3.87,-3.77,-5.09,-3.93
195610,-1.09,-0.63,-0.52,0.51,1.01,0.72,1.2,0.62,1.77,3.55
195611,-2.36,0.06,-0.57,-0.34,0.38,0.85,1.05,1.83,1.62,3.15
195612,0.21,0.34,0.35,2.07,1.37,1.86,2.05,4.48,4.32,5.95
195701,4.49,1.73,1.29,0.16,0.55,0.63,-0.76,-0.88,-3.02,-1.21
195702,-4.33,-2.98,-1.43,-1.05,-1.45,-1.52,-2.15,-2.88,-2.21,-2.77
195703,1.27,1.42,2.68,2.02,2.86,3.06,2.23,2.33,1.68,2.85
195704,1.7,2.24,1.9,3,2.41,1.35,2.99,2.51,3.41,4.52
195705,2.14,2.99,1.49,1.65,1.86,2.39,2.12,1.04,3.02,3.02
195706,-0.25,-1.02,-1.29,-1.09,-0.79,-1.2,-0.94,-0.36,-1.45,0.94
195707,-0.61,0.63,1.13,1.21,0.65,0.95,0.62,1.19,-0.53,-0.67
195708,-7.98,-5.87,-4.65,-3.93,-3.65,-2.28,-3.94,-4.73,-5.59,-5.85
195709,-7.52,-7.18,-5.13,-4.7,-4.66,-4.6,-3.95,-3.64,-4.63,-6.75
195710,-11.03,-8.06,-6.77,-5.7,-4.65,-5.07,-5.15,-4.74,-5.95,-6.52
195711,2.98,0.47,-0.23,0.95,0.89,1.83,1.71,3.51,3.88,4.59
195712,-11.48,-8.86,-7.81,-7.33,-4.26,-3.49,-0.52,-1.26,-1.52,-0.8
195801,21.02,14.64,12.75,11.4,12.01,8.85,7.31,7,5.9,5.39
195802,-4.72,-3.26,-3.11,-2.24,-0.87,-0.74,0.38,0.36,1.26,1.72
195803,4.26,4.72,5.11,1.87,3.13,2.66,2.81,2.67,3.45,5.5
195804,4.01,2.71,2.18,2.11,2.48,3.71,2.27,2.65,4.41,4.66
195805,5.03,4.44,4.29,3.49,3.93,4.49,3.09,2.66,3.54,3.45
195806,6.96,3.39,2.76,4.07,2.93,1.79,2.39,2.87,1.58,3.52
195807,9.48,8.79,6.42,6.45,5.89,5.41,4.27,2.87,2.86,2.54
195808,1.65,3.52,2.59,2.86,3.22,3.7,3.84,2.03,2.22,4.41
195809,8.26,5.44,5.28,5.76,5.01,4.52,4.41,3.78,5.18,4.91
195810,2.27,1.01,2.02,1.2,3.61,2.77,3.81,3.84,4.66,7.45
195811,2.75,4.01,4.1,4.23,2.88,3.6,4.37,3.89,5.11,7.08
195812,3.97,4.63,4.66,3.1,4.34,3,4.39,3.21,3.47,3.95
195901,3.32,4.1,4.39,4.06,4.71,5.73,4.57,3.96,3.01,4.26
195902,2.32,1.43,0.97,1.5,2.66,1.88,4.24,3.61,3.99,5.46
195903,0.03,0.51,0.54,1.05,1.3,1.34,1.53,1.63,1.09,2.84
195904,0.35,1.43,1.34,1.24,1.35,2.51,3.75,5.27,4.15,5.22
195905,-0.07,0.32,0.94,-0.28,1.85,0.67,2.1,0.89,0.92,0.6
195906,-2.17,-0.7,-0.11,0.5,0.44,-0.53,0.61,2.16,2.81,2.05
195907,3.19,2.97,2.17,3.22,2.38,2.2,3.31,3.87,4.97,2.32
195908,-3.1,-0.81,0.48,-0.26,-0.23,-0.6,-2.3,-2.16,-2.13,-3.19
195909,-4.2,-5.85,-4.52,-3.89,-4.4,-4.35,-4.41,-5.1,-4.08,-4.34
195910,-0.79,-0.28,2.1,0.78,1.22,1.06,1.55,3.41,5.1,6.37
195911,0.88,0.72,0.33,1.26,1.17,0.75,2.69,1.03,2.31,4.22
195912,0.57,2.6,1.15,2.3,3.1,1.85,2.08,3.55,2.43,2.21
196001,-1.83,-2.6,-2.75,-2.64,-3.4,-2.46,-5.09,-6.06,-5.71,-6.4
196002,-2.1,-0.03,-0.25,1.26,0.93,1.15,1.02,0.88,1.68,4.11
196003,-5.74,-2.37,-2.01,-2.53,-2.83,-1.1,-1.96,-1.61,-1.21,-3.13
196004,-4.29,-4.28,-2.72,-1.77,-1.25,-1.33,-1.54,-1.38,-2.05,0.58
196005,0.93,-0.2,0.52,0.86,2.36,1.02,2.69,2.58,4.16,6.89
196006,0.11,2.87,0.46,1.93,3,1.31,1.86,2.74,3.42,3.99
196007,-2.57,-0.48,-2.25,-1.34,-1.23,-1.11,-1.56,-1.74,-1.76,-4.3
196008,4.58,2.46,5.04,3.59,2.46,2.97,3.52,4.5,4.79,4.89
196009,-9.04,-7.34,-5.96,-6.26,-5.03,-5.85,-4,-5.34,-4.68,-7.16
196010,-5.33,-3.13,-2.81,-2.04,-1.49,-1.29,-1.05,-0.92,-0.95,-3.6
196011,2.87,3.88,3.03,3.49,3.77,4.58,4.64,6.47,4.72,8.47
196012,3.8,3.17,3.38,4.12,4.06,2.78,3.85,4,4.42,4.42
196101,12.77,12.26,9.75,8.61,7.87,5.97,7.11,6.68,6.6,3.67
196102,8.07,5.6,5.26,5.34,4.72,5.54,5.65,5.38,5.44,8.83
196103,5.62,3.43,3.92,4.01,5.17,3.59,3.96,4.76,5.9,7.91
196104,-2.17,-0.07,-0.89,0.26,1.37,1.47,0.98,2.5,1.75,2.02
196105,6.38,4.44,5.62,4.81,3.33,3.72,3.96,4.56,4.09,1.97
196106,-5.6,-5.17,-4.19,-3.57,-4,-2.27,-4.17,-3.9,-3.44,-5.05
196107,-0.89,0.98,2.16,0.78,1.72,1.85,2.13,0.69,0.78,1.6
196108,1.9,0.74,1.31,1.62,2.06,2.53,2.67,1.84,3.1,4.2
196109,-4.49,-4.15,-3.87,-2.52,-1.71,-1.82,-1.61,-2.58,-2.52,-2.8
196110,-0.33,-0.12,1.58,1.59,3.24,2.31,2.7,2.19,2.71,5.89
196111,5.04,3.39,3.44,4.35,3.96,4.49,4.14,5.01,5.87,7.28
196112,1.23,1.19,-0.26,0.32,0.54,-0.6,-1.34,-1.8,-1.05,-1.94
196201,0.56,0.53,-0.26,1.05,0.22,-0.05,-1.19,-1.62,-2.07,-3.79
196202,0.51,0.89,1.68,2.21,2.11,2.74,1.99,0.97,0.63,1.32
196203,-3.32,-1.43,-1.11,-0.64,0.19,-0.54,0.52,1.02,-0.56,-0.22
196204,-8.63,-8.16,-7.78,-7.09,-6.45,-5.4,-5.17,-5.8,-6.79,-6.24
196205,-12.72,-9.9,-9.52,-9.03,-9.36,-7.12,-9.23,-9.55,-10.15,-11.21
196206,-13.99,-11.91,-9.98,-9.16,-7.67,-6.77,-6.7,-6.91,-5.99,-5.3
196207,9.74,6.69,4.55,5.35,4.6,7.51,5.82,5.78,6.95,6.68
196208,5.44,2.75,2.25,3.09,2.35,2.01,3.3,2.09,1.56,3.27
196209,-9.49,-8.07,-7.63,-6.28,-6.21,-5.53,-3.79,-4.42,-3.43,-5.25
196210,-4.58,-1.97,-2.96,-3.29,-1.3,0.17,-1.16,-1.4,-1.71,-2.83
196211,21.61,18.8,16.03,14.2,13.5,12.09,10.92,10.19,10.39,10.3
196212,-5.3,-4.44,-2.78,-1.46,-1.19,0.29,0.91,1.2,1.7,2.06
196301,10.52,8.98,9.85,7.29,7.9,7.05,6.4,6.68,6.37,7.21
196302,-3.99,-2.84,-2.41,-2.17,-1.61,-0.72,0.05,-0.34,-0.42,0.04
196303,-0.26,0.92,2.23,1.23,2.59,1.94,3.4,2.08,2.46,3.54
196304,2.66,3.8,3.65,4.36,3.54,4.02,3.82,4.98,4.24,3.7
196305,3.54,3.43,2.62,3.29,2.22,3.22,3.4,3.53,3.45,4.45
196306,-2.17,-1.92,-1.89,-1.82,-1.68,-1.43,-2.02,-0.73,-0.7,-1.61
196307,-2.22,-0.57,-1.79,-0.77,-0.69,-0.25,-1.4,-0.77,-0.47,-0.59
196308,3.17,2.62,3.63,3.43,4.83,4.19,4.38,4.93,5.3,8.18
196309,-1.73,-0.27,-0.91,0.16,-1.2,-0.52,-1.26,-2.37,-1.59,-0.89
196310,0.88,0.18,-0.36,0,0.87,2.65,1.41,2.12,2.96,3.77
196311,-3.57,-1.19,-1.17,-0.88,-1.33,-0.92,-0.51,-0.84,-0.92,-1.75
196312,-4.28,-1.94,-0.63,0.64,1.12,0.28,1.66,2.04,1.06,-0.33
196401,5.19,2.64,3.96,2.52,2.14,2.83,3.23,3.85,1.85,3.57
196402,2.92,2.94,2.38,1.59,2.04,2.53,2.32,2.35,2.81,3.54
196403,0.94,2.65,4.16,2.99,3.16,2.87,3.23,3.09,3.45,3.27
196404,0.53,-1.27,0.99,-0.28,0.97,0.57,-0.55,-0.37,0.16,-0.24
196405,-1.67,0.34,0.72,0.92,0.46,1.49,1.67,1.17,1.48,2.47
196406,0.36,0.64,0.65,1.23,1.34,1.76,1.55,1.2,1.26,1.13
196407,2.75,2.34,3.26,3.22,3.77,3.3,2.85,2.91,3.43,2.38
196408,-0.98,0.01,0.27,0.2,-0.64,-1,-0.38,-0.97,-0.99,-0.88
196409,4.23,2.41,6.17,3.66,2.79,2.27,3.68,4.29,3.67,4.85
196410,0.38,1.27,2.51,1.27,2.94,1.03,2.72,2.56,2.67,2.72
196411,-2.8,-0.46,0.81,1.03,1.55,0.1,1.43,-0.15,0.28,0
196412,-3.28,-0.52,-1.44,-0.82,-0.95,-0.79,-0.51,-1.28,-1.32,-1.9
196501,11.23,7.32,6.24,5.13,5.98,6.71,6.64,5.99,6.23,7.8
196502,3.67,3.54,2.94,1.75,3.51,3.08,3.52,2.86,3.62,4.22
196503,1.7,2.54,1.22,1.34,-0.44,0.09,0.59,1.85,1.5,2.45
196504,3.14,3.49,4.09,3.63,3.42,4.03,3.98,5,5.58,5.11
196505,-1.64,-1,-0.98,-0.92,-1.17,-0.34,-0.27,0.01,-0.67,0.79
196506,-9.4,-7.12,-6.28,-6.77,-6.13,-7.32,-8.39,-8.8,-9.76,-10.99
196507,0.9,1.28,2.28,2.27,2.78,2.26,2.95,4.14,4.62,5.15
196508,3.81,4.16,3.66,2.7,2.86,3.18,4.13,5.08,5.46,5.7
196509,0.58,1.44,2.41,2.77,2.37,2.01,3.59,4.1,4.97,4.08
196510,6.62,5.54,3.59,4.36,4.21,6.08,5.32,5.95,6.45,8.93
196511,3.66,4.1,1.45,2.96,3.6,5,6.17,4.05,6.57,9.29
196512,5.39,4.18,3.1,2.91,4.39,3.77,4.53,4.39,3.28,4.78
196601,8.1,5.8,3.48,4.14,5.65,5.41,5.82,5.73,7.88,9.32
196602,2.87,-0.37,0.72,1.3,1.62,2.09,3.25,2.73,4.08,9.03
196603,-0.58,-1.22,-1.47,-1.1,-1.5,-1.51,-0.48,-1.22,-1.53,0.89
196604,0.06,0.52,1.87,3.87,3.58,4.79,6.16,6.05,7.09,9.59
196605,-8.03,-5.46,-4.93,-5.33,-7.15,-7.63,-8.72,-8.88,-10.9,-15.02
196606,-2.05,-1.34,-1.55,-0.79,-0.46,-1.79,-0.97,0.4,0.42,1.26
196607,-1.9,0.06,-1.26,-1.12,-1.29,-2.17,-1.36,-1.96,-1.66,-2.09
196608,-11.13,-9.17,-7.73,-8.68,-8.66,-9.37,-10.17,-10.72,-10.93,-12.18
196609,-1.72,-1.08,-0.7,-1.67,-1.09,-1.43,-1.81,-2.45,-2.13,-2.56
196610,-2.71,2.33,2.62,1.51,1.41,0.07,-0.41,-1.55,-3.01,-7.02
196611,4.82,2.85,0.92,1.07,1.73,3.87,2.61,2.62,5.83,9.54
196612,0.23,0.83,2.05,1.56,1.26,1.11,2.29,2.32,1.54,3.49
196701,29.21,20.06,19.54,15.04,16.03,12.78,12.34,12.2,13.92,15.07
196702,6.22,4.18,3.25,3.1,4,3.29,3.3,2.51,4.84,5.9
196703,4.72,5.15,5.19,6.12,5.87,4.23,7.26,5.51,6.54,8.88
196704,2.6,2.91,4.54,5.2,2.7,3.55,3.75,5.37,5.15,6.21
196705,-0.81,0.29,0.17,-0.6,0.5,-1.97,-2.09,0.41,-1.53,-1.62
196706,8.09,5.87,4.66,4.83,7.37,5.22,8.3,9.54,11.74,14.68
196707,11.17,9.29,7.89,6.71,6.79,8.19,9.17,8.28,7.32,8.81
196708,2.05,0.71,2.56,1.07,1.74,0.36,1.15,0.76,0.61,-1.37
196709,4.75,4,5.01,4.12,6.36,5.67,6.42,6.59,9.68,7.92
196710,-4.24,-3.37,-2.67,-2.89,-2.48,-2.87,-2.61,-1.08,-0.38,0.01
196711,0.56,-1.03,0.97,-0.68,-1.12,0.61,1.14,0.6,-0.74,0.23
196712,3.72,5.57,4.3,6.1,4.83,7.57,7.77,7.12,9.98,13.62
196801,1.54,0.75,2.91,1.41,3.64,2.7,2.51,2.67,2.39,2.84
196802,-4.92,-2.86,-2.21,-3.44,-4.17,-5.07,-4.66,-6.07,-6.41,-9.39
196803,-2.56,-0.9,-1.55,-0.46,-0.34,-0.96,-1.98,-0.54,-0.33,-0.6
196804,13.9,9.04,9.84,9.91,10.69,11.95,12.99,14.38,16.58,20.13
196805,7.56,4.65,6.92,7.15,6.65,7.5,7.8,8.8,11.07,15.73
196806,1.2,3.5,2.91,1.84,2.58,2.37,1.87,0.54,1.92,0.15
196807,-5.31,-2.6,-2.24,-3.7,-1.63,-2.07,-2.13,-2.58,-2.96,-2.33
196808,0.76,1.38,2.71,2.27,3.5,3.51,3.48,4.06,4.87,6.46
196809,8.06,6.46,6.75,5.06,5.45,4.97,5.32,6.8,7.23,9.61
196810,-0.02,1.42,1.79,0.67,1.95,1.07,2.38,0.32,2.29,-0.92
196811,8,6.48,7.86,6.39,8.74,6.58,6.41,5.83,7.07,8.66
196812,-1.91,0.11,-0.43,0.9,0.87,1.24,1.08,0.67,1.21,0.9
196901,-0.95,0.61,0.32,-0.66,0.08,-0.95,-0.42,-0.72,0.09,-0.8
196902,-10.33,-6.89,-6.27,-6.79,-6.93,-7.33,-8.44,-8.53,-8.78,-11.14
196903,-0.64,-0.35,0.55,0.24,0.86,1.21,2.35,3.11,3.5,5.14
196904,-0.86,0.23,-0.3,0.13,-0.41,1.39,0.96,0.58,1.11,0.86
196905,-1.4,0.29,-0.38,-0.18,1.79,0.06,-0.19,0.67,0.09,2.47
196906,-13.71,-12.15,-10.88,-10.56,-9.8,-8.82,-9.86,-9.49,-11.06,-13.76
196907,-12.67,-11.54,-9.55,-7.59,-7.04,-7.38,-7.63,-8.59,-9.3,-10.2
196908,4.97,4.53,4.85,3.31,3.62,3.82,4.23,4.94,6.62,8.34
196909,-4.38,-3.78,-3.23,-2.25,-1.86,-2.78,-1.9,-2.42,-1.08,-0.94
196910,15.39,10.8,9.9,7.38,7.47,7.77,6.81,6.87,7.38,6.99
196911,-9.06,-7.13,-6.84,-4.55,-6.29,-5.91,-4.56,-3.51,-3.13,-2.32
196912,-12.7,-10.14,-8.57,-8.63,-6.7,-5.4,-3.58,-3.86,-1.93,-2.13
197001,-0.74,-1.03,-2.64,-3.84,-4.71,-5.68,-4.83,-6.17,-7.6,-6.34
197002,3.04,3.35,4.45,4.3,5.03,4.99,4.92,5.61,6.27,4.14
197003,-3.74,-2.84,-1.75,-1.19,-0.71,0.02,-1.02,-0.94,-2.55,-5.2
197004,-20.76,-17.6,-16.58,-15.28,-14.18,-12.15,-10.88,-13.98,-15.29,-17.67
197005,-7.68,-9.56,-8.73,-8.87,-10.66,-9.32,-8.18,-9.82,-9,-9.61
197006,-12,-10.82,-8.95,-6.62,-6.51,-6.63,-5.69,-4.39,-2.23,-2.02
197007,4.03,4.96,6.7,7.17,6.68,6.78,7.22,6.59,6.21,5.04
197008,9.45,9.19,6.55,6.65,5.35,5.57,4.86,4.3,2.95,2.8
197009,23.51,17.95,14.71,12.23,9.73,7.1,5.68,5.43,5.2,7.76
197010,-13.55,-11.05,-7.45,-4.44,-4.01,-1.38,-1.48,-1.54,0.61,-1
197011,-5.19,-1.71,-0.8,0.43,1.94,2.36,3.62,4.48,4.26,4.23
197012,6.62,9.33,8.24,8.72,9.75,9.91,8.62,7.7,7.33,6.74
197101,21.64,18.66,18.34,13.78,9.71,10.29,9.11,7.76,7,7.05
197102,8.59,4.36,4.3,3.53,3.74,3.22,2.6,1.96,2.12,5.48
197103,5.45,5.71,5.99,6.98,4.89,5.71,3.32,6.17,4.99,6.88
197104,1.17,2.32,3.49,3.19,2.73,1.98,2.6,3.31,4.31,2.92
197105,-7.16,-5.1,-5.06,-5.34,-5.41,-4.2,-4.18,-5.42,-4.68,-3.66
197106,-4.73,-2.73,-1.78,-2.84,-1.48,-1.56,-1.62,-1.16,0.28,0.87
197107,-6.81,-3.77,-3.45,-4.18,-4.87,-4.73,-5.14,-6.03,-6.68,-7.66
197108,1.33,2.18,1.43,3.54,4.38,5.75,5.59,5.61,5.61,7.6
197109,-3.8,-1.26,-2.26,-0.87,-1.43,0.48,-0.5,0.24,0.53,2.22
197110,-7.44,-6.01,-5.99,-4.45,-4.64,-5.34,-5.82,-5.41,-5.62,-5.55
197111,-5.22,-4.42,-4.04,-2.69,-2.66,-2.58,-2.93,-2.19,-2.37,-2.31
197112,13.65,12.72,11.3,11.04,10.89,11.62,10.51,12.08,10.95,12.8
197201,17.25,11.56,11.98,8.2,9.5,7.5,7.71,7.92,9.09,9.94
197202,4.66,4.33,1.29,2.66,3.1,2.98,6.79,4.66,4.61,6.16
197203,-2.23,-0.56,-0.65,0.85,0.42,0.36,0.55,0.03,0.8,1.37
197204,-3.13,0.5,-1.18,0.4,0.67,0.23,1.06,0.86,1.74,2.7
197205,-4.6,-2.9,-3.19,-2.33,-1.83,-1.93,-1.24,-1.58,0.21,0.83
197206,-5.11,-3.89,-3.24,-3.03,-2.27,-2.98,-3.56,-3.62,-3.02,-2.72
197207,-4.99,-3.34,-2.9,-2.49,-2.54,-2.41,-1.59,-2.89,-2.03,-3.06
197208,0.76,3.77,2.35,3.08,1.88,1.95,0.58,1.06,1.28,-1.47
197209,-5.63,-4,-2.58,-1.94,-2.48,-3.78,-2.33,-3.1,-2.69,-2.48
197210,-3.51,-2.68,-0.64,-0.65,-0.07,-1.05,0.43,-1.78,-1.14,-1.08
197211,5.36,5.96,6.54,6.12,5.19,5.1,5.57,3.9,4.79,3.16
197212,-6.47,-4.09,-3.18,-2.03,-1.98,-2.02,-0.45,-0.66,-0.13,1.56
197301,-4.56,-3.51,-4.01,-3.37,-3.58,-4.33,-3.64,-4.92,-3.52,-4.16
197302,-8.74,-8.32,-8.16,-6.48,-5.72,-5.44,-6.36,-6.04,-6.85,-8.64
197303,-4.85,-3.68,-2.55,-2.41,-3.02,-2.87,-2.82,-1.77,-1.3,1.1
197304,-11.83,-9.33,-7.81,-7.35,-7.15,-5.65,-3.73,-3.48,-4.22,-5.18
197305,-12.03,-10.95,-10.86,-10.24,-7.12,-7.58,-5.73,-3.98,-3.38,-3.79
197306,-6.42,-5.18,-3.71,-2.88,-3.47,-1.75,-2.62,-0.37,-1.71,-1.44
197307,19.72,16.12,14.47,12.21,13.3,9.39,8.93,7.09,3.82,7.61
197308,-9.36,-7.72,-5.09,-4.93,-4.07,-3.2,-3.2,-2.4,-1.49,-1.21
197309,8.9,9.56,9.45,10.27,9.58,10.27,8.41,7.35,7.71,8.64
197310,-3.41,-1.26,-1.51,0.62,0.86,0.36,0.88,0.26,2.91,4.92
197311,-23.92,-21.54,-20.4,-18.09,-17.35,-14.98,-14.75,-13.84,-15.64,-14.05
197312,-11.28,-9.25,-5.36,-4.82,-2.62,-2.19,-0.92,0.79,4.43,6.74
197401,25.2,20.04,15.62,12.58,12.8,10.86,7.67,7.89,6.56,4.36
197402,-0.87,1.18,1.73,1.28,1.96,0.51,0.41,1.84,0.59,-0.24
197403,2.93,3.12,2.04,0.87,1.06,0.31,-0.44,-0.08,-0.89,-3.09
197404,-7.01,-6.04,-5.32,-4.81,-5.58,-5.23,-4.72,-3.9,-4.25,-5.27
197405,-8.66,-7.73,-7.52,-6.98,-6.6,-6.25,-5.8,-6.79,-6.87,-7.86
197406,-3.86,-4.59,-3.7,-3.22,-3.22,-2.73,-3.39,-2.21,-1.93,-1.43
197407,-7.31,-5.59,-5.04,-5.28,-4.74,-4.47,-5.78,-4.77,-4.71,-4.16
197408,-10.38,-8.67,-9.15,-8.19,-8.28,-8.99,-7.38,-6.93,-7.11,-5.58
197409,-10.48,-8.77,-9.08,-7.21,-8.05,-7.03,-7.43,-6.21,-6.32,-7.9
197410,8.65,8.99,9.57,9.98,8.81,7.01,8.79,8.61,8.07,12.86
197411,-8.23,-6.41,-5.12,-5.5,-4.7,-5.24,-4.34,-3.89,-2.88,-2.55
197412,-10.33,-10.19,-8.5,-7.06,-8.32,-6.95,-6.3,-6.3,-6.26,-5.57
197501,45.33,36.18,36.2,29.94,29.78,26.71,24.78,22.2,23.22,18.32
197502,5.98,7.23,5.73,5.13,5.94,4.83,6.11,5.18,4.51,5.92
197503,14.72,10.52,9.37,5.64,5.05,6.44,5.52,5.66,7.1,7.38
197504,2.62,2.27,3.52,2.08,3.03,3.01,3.47,3.74,5.16,6.86
197505,9.19,7.79,7.84,7.03,6.68,5.92,6.02,7.15,8.28,8.1
197506,9.07,6.5,7.58,6.85,6.9,8.43,6.76,6.74,6.33,6.73
197507,0.7,0.69,-0.41,-0.82,-1.21,-3.02,-3.07,-1.19,-2.77,-1.89
197508,-5.22,-4.72,-3.86,-4.42,-4.58,-5.09,-5.14,-4.89,-5.59,-4.67
197509,-4.03,-3.58,-3.34,-3.76,-3.74,-3,-3.29,-4.2,-4.41,-3.53
197510,-0.91,1.25,1.77,2.26,2.5,2.9,2.96,2.35,2.95,2.88
197511,0.97,1.74,1.51,2.4,2.17,2.09,2.9,2.34,2.38,2.77
197512,0.06,0.57,-0.12,-0.53,-0.88,-0.4,-0.39,-1.34,-0.83,-1.76
197601,16.51,16.98,18,19.36,19.88,19.79,21.68,19.03,21.52,23.39
197602,16.02,11.47,10.05,8.3,9.03,7.84,9.13,9.84,9.11,10.41
197603,2.16,2.22,1.15,1.03,1.52,2.97,2.5,2.78,2.6,2.19
197604,-0.01,-0.34,-0.68,0.2,-0.78,0.07,-1.06,-0.39,-0.69,-1.87
197605,-0.65,-0.89,-1.38,-1.4,-1.06,-0.99,-2.33,-2.44,-2.91,-4.55
197606,2.05,2.91,3.95,2.88,3.27,2.62,2.94,2.88,3.9,2.88
197607,0.25,0.07,0.6,0.47,0.73,0.34,0.64,0.67,-0.25,-0.01
197608,-2.92,-1.68,-1.15,0.05,-0.63,-0.88,-1.26,-1,-1.63,-2.56
197609,0.78,1.51,1.9,1.27,2.81,2.1,2.57,2.32,2.06,2.47
197610,-2.94,-0.85,-1.99,-2.34,-2.3,-1.74,-1.66,-2.43,-1.62,-2.31
197611,1.2,1.36,2.33,2.96,2.73,2.95,3.42,3.22,3.62,3.57
197612,12.22,10.15,10.33,8.9,8.15,9.19,9.58,9.38,9.98,9.6
197701,3.25,3.51,2.38,1.51,3.29,4.34,3.2,3.54,3.72,4.67
197702,-0.21,0.16,0.24,-0.07,-0.09,-0.64,1.09,-0.34,0.84,1.08
197703,1.34,0.62,0.77,0.48,1.12,0.37,0.79,1.14,1.56,1.39
197704,0.8,-0.05,0.95,0.97,1.63,2.12,2.41,2.62,2.53,2.98
197705,-0.33,0.32,-0.13,0.05,1.43,0.05,1.41,0.39,-0.39,1
197706,4.17,5.13,5.06,5.31,5.6,5.01,4.69,5.39,6.3,7.02
197707,2.3,0.29,1.01,0.69,0.81,1.17,0.81,1.1,1.26,0.95
197708,-1.02,0.38,-0.41,-0.21,-0.98,-0.93,-0.97,0.13,-0.38,0.26
197709,-0.02,0.09,1.49,1.18,1.25,1.06,1.8,1.3,2.06,1.76
197710,-2.73,-2.35,-2.32,-2.41,-2.56,-1.22,-1.81,-2.21,-1.86,-2.99
197711,6.87,5.83,5.83,6.27,6.24,6.19,6.27,8.69,8.4,8.63
197712,1.47,0.77,0.83,0.7,2.31,1.63,1.76,1.81,3,3.1
197801,1.33,-0.99,-0.77,-2.35,-2.15,-0.96,-2.03,-1.93,-1.85,-1.31
197802,1.46,2.66,1.43,2.57,2.33,2.22,2.31,3.35,3.91,2.83
197803,7.4,4.99,6.76,6.21,5.26,5.69,6.24,7.15,7.23,8.18
197804,9.06,8.21,7.28,8.19,6.38,6.19,6.83,8.41,9.13,8.97
197805,8.46,7.5,5.15,5.59,4.27,4.49,5.93,7.31,6.88,9.69
197806,-0.37,0.72,1.33,0.72,0.53,0.71,0.49,1.45,0.95,2
197807,3.86,3.94,4.17,3.23,3.51,5.19,5.8,5.58,6.03,7.13
197808,9.43,6.64,7.14,6.21,7.78,7.8,7.98,8.44,10.52,12.84
197809,1.97,1.05,1.52,0.1,1.87,0.52,-0.16,-0.67,0.31,-0.78
197810,-15.57,-13.2,-11.23,-13.46,-14.12,-16.44,-18.37,-19.29,-21.95,-25.84
197811,0.01,1.88,2.17,2.28,2.81,3.53,4.69,5.05,6.21,8.86
197812,0.31,0.59,-0.25,-0.58,1.17,1.42,1.69,1.47,1.75,2.61
197901,12.33,8.74,9.06,8.41,8.24,7,8.6,8.69,9.28,10.38
197902,-1.28,-2.27,-1.4,-1.74,-1.92,-1.71,-1.57,-1.59,-2.06,-3.46
197903,9.07,6.72,6.64,5.91,6.35,7.54,8.75,8.57,9.62,10.06
197904,3.81,1.13,1.76,1.71,2.91,1.6,3.1,2.09,2.93,3.67
197905,-1.35,-0.71,-0.66,-0.7,-0.31,0.09,-2.15,-0.55,-1,-1.18
197906,5.41,4.83,4.48,5.3,5.2,4.43,6.06,5.62,6.54,6.11
197907,2,2.05,2.81,2.91,3.1,2.4,2.72,2.06,1.78,1.68
197908,8.34,8.62,6.3,7.12,6.81,6.87,5.93,7.49,8.44,8.41
197909,-2.4,-0.86,-0.93,0.83,-1,-0.66,-0.08,0.01,0.6,2.31
197910,-11.29,-10,-9.25,-8.38,-9.29,-8.88,-8.88,-8.59,-9.41,-9.21
197911,2.74,2.83,3.66,4.18,5.19,6.62,7.26,7.91,11.22,13.71
197912,5.37,4.89,3.7,3.76,4.28,5.89,7.04,7.26,8.48,11.79
198001,10.57,8.5,5.84,6.8,6.27,8.71,10.2,11.69,12.45,13.71
198002,-1.45,-2.34,-2.12,-2.96,-2.42,-3.1,-2.21,-0.57,0.16,3.45
198003,-16.41,-12.08,-12.67,-12.89,-13.75,-14.92,-15.41,-18.26,-18.1,-22.6
198004,4.36,6.47,5.34,4.72,3.67,4.26,5.8,5.45,6.46,7.02
198005,8.15,7.44,7.9,7.36,7.31,7.15,6.48,7.34,6.04,7.11
198006,4.12,4.1,3.94,3.98,3.89,3.91,3.59,3.94,5.89,5.37
198007,9.03,7.84,7.92,7.43,7.08,7.78,9.46,10.49,11.81,12.29
198008,7.45,4.56,4.4,4.33,4.64,4.32,5.89,7.84,8.41,9.95
198009,5.85,3.98,3.38,1.87,1.78,2.99,3.62,4.84,5.52,7.39
198010,2.79,1.34,0.47,1.21,1.9,2.81,3.36,4.75,6.93,8.83
198011,2.06,0.84,1.15,2.86,5.49,5.04,6.93,8.05,11.91,14.86
198012,-2.91,-1.45,-0.69,-1.81,-2.48,-2.44,-1.99,-4.6,-4.03,-5.61
198101,3.52,2.95,3,3.45,2.16,0.69,0.75,-1.74,-1.5,-4.65
198102,0.64,2.07,0.86,2.25,1.1,1.5,0.73,1.35,0.16,-1.19
198103,6.95,8.05,8.64,7.59,6.83,7.1,6.77,6.54,8.32,8.19
198104,2.9,2.02,3.06,2.71,3.36,2.34,3.96,1.59,3.84,3.73
198105,1.24,0.96,1.35,2.12,2.46,3.23,2.32,2.63,3.41,6.15
198106,-1.07,1.23,1.75,0.75,0.36,0.01,0.03,-0.26,-1.81,-3.3
198107,-1.91,-0.73,-0.4,-1.59,-0.89,-2.51,-2.09,-2.39,-3.33,-2.66
198108,-9.11,-6.36,-4.47,-4.28,-6.03,-6.15,-6.5,-5.51,-7.41,-9.85
198109,-12.1,-7.59,-7.32,-7.8,-7.52,-6.97,-7.41,-6.82,-6.45,-8.79
198110,5.57,6.62,5.17,4.92,6.62,7.22,6.53,7.3,8.07,10.15
198111,-3.1,2.25,1.79,3.26,3.88,3.21,4.68,3.38,3.11,3.09
198112,-5.49,-3.27,-0.69,-1.49,-1.31,0.21,-1.09,-0.94,-1.74,-1.9
198201,-0.96,-2.42,-2.34,-1.65,-1.16,-1.48,-1.22,-1.37,-1.85,-2.38
198202,-7.53,-4.47,-4.19,-4.45,-3.23,-2.74,-1.49,-2.2,-2.2,-3.08
198203,-2.76,-1.85,-1.18,-1.22,-0.77,-0.2,-0.7,0.56,0.28,0.43
198204,5.62,4.89,6.23,4.83,5.23,6.17,4.51,4.77,5.86,5
198205,-4.48,-2.79,-3.87,-2.72,-1.8,-1.71,-1.97,-1.4,-0.98,-0.56
198206,-7.94,-4.79,-2.49,-2.95,-1.65,-1.64,-1.27,-1.34,-0.65,-0.65
198207,-3.56,-2.96,-2.91,-2.24,-2.09,-1.49,-0.32,0.43,0.3,0.36
198208,6.46,7.95,8.1,7.51,6.14,5.61,5.55,6.2,6.13,5.65
198209,-2.09,2.21,3.26,3.41,3.6,4.88,5.12,4.39,4.66,7.64
198210,11.8,13.87,12.23,11.49,13.07,13.06,13.2,12.4,11.95,17.35
198211,4.61,8.88,9.23,11.67,11.3,9.41,9.72,9.52,9.2,13.61
198212,2.85,2.1,2.41,1.26,1.28,2.15,2.13,2.19,1.95,3.18
198301,19.29,12.95,10.78,8.86,7.45,6.33,5.72,7.58,8.35,10.79
198302,0.49,5.62,6.15,5.66,6.78,4.67,6.8,6.46,7.91,7.78
198303,5.09,5.01,4.94,5.3,3.78,5.11,5.04,5.96,4.87,6.14
198304,8.09,8.14,7.32,6.66,6.4,7.07,7,7.93,8.03,10.87
198305,14.97,8.74,7.73,6.8,6.17,7.16,6.99,6.43,8.73,9.68
198306,5.61,4.66,3.25,4.44,3.82,4.83,3.54,5.77,5.85,5
198307,0.75,-0.17,-0.24,-1.25,-0.73,-1.62,-1.94,-1.73,-3.44,-4.18
198308,-3.4,-0.18,-0.9,-1.55,-1.76,-2.38,-2.16,-3.85,-4.51,-5.89
198309,-1.61,0.63,0.94,0.86,2.12,1.56,1.61,0.49,1.57,-0.35
198310,-6.21,-1.68,-2.19,-2.89,-5.47,-4.95,-3.71,-5.45,-5.31,-9.09
198311,0.11,1.5,3.17,4.33,4.06,3.54,4.36,3.22,3.52,4.18
198312,-4.27,-2.64,-0.64,-1.53,-0.36,-0.6,-1.29,-1.73,0.04,-2.86
198401,2.66,2.1,0.07,-0.28,1.08,0.95,-1.04,-0.2,-0.86,-1.17
198402,-6.25,-4.8,-5.02,-5.21,-4.57,-4.25,-4.02,-4.68,-4.98,-6.87
198403,-0.82,-0.29,0.1,1.22,2.08,0.68,2.16,1.05,1.07,2.55
198404,-4.39,-1.72,-1.94,-1.57,-0.87,-0.17,-0.64,-1.22,-0.12,-1.17
198405,-6.75,-5.26,-4.34,-4.52,-4.24,-4.96,-4.29,-4.26,-3.72,-4.15
198406,-0.44,1.76,2.86,1.36,2.57,2.95,2.24,2.08,2.45,2.08
198407,-8.08,-6.15,-4.56,-4.31,-3.34,-3.47,-2.91,-2.54,-1.49,-1.88
198408,8.88,10.7,10.5,9.88,10.03,10.25,9.34,7.65,7.12,7.62
198409,-2.43,-0.24,-1.17,-1.47,0.17,1.21,1.34,2.55,1.62,1.77
198410,-6.02,-3.78,-1.5,-1.46,-0.75,-1.28,0.41,0.8,1.02,0.32
198411,-6.63,-4.23,-3.36,-1.19,-2.2,-0.77,-1.19,-0.69,-1.37,-2.63
198412,-0.82,-1.93,0.64,0.79,1.51,2.52,1.92,1.97,2.63,1.67
198501,18.01,14.62,12.35,11.71,10.86,10.25,9.78,8.18,7.87,8.06
198502,7.47,4.55,2.72,3.57,3.6,2.93,2.6,3.45,3.09,5.24
198503,-2.33,-2.23,-0.55,-1.28,-0.34,-0.26,-0.4,-0.4,0.28,-0.12
198504,-3.78,-1.65,-1.45,-1.24,-1.11,-0.46,0.38,0.88,0.67,0.64
198505,-0.75,1.47,1.7,3.69,3.41,3.84,3.65,4.29,4.65,4.69
198506,-2.8,-0.6,-0.52,0.65,1.73,2.09,2.15,2.29,2.82,2.69
198507,2.08,2.28,1.85,2.64,2.24,1.65,0.88,0.56,0.93,1.55
198508,-1.41,-0.11,-0.35,-0.49,-0.22,-0.24,-0.06,0.32,1.06,-0.16
198509,-8.17,-6.5,-5.27,-4.5,-3.76,-4.04,-4.26,-4.21,-4.28,-5.78
198510,-2.38,1.93,1.69,1.33,3.48,3.23,4.02,3.91,4.7,5.31
198511,4.19,4.5,4.63,4.58,5.19,5.67,6.37,5.93,7.21,6.96
198512,1.18,3.61,3.22,3.32,3.35,4.59,3.92,4.44,2.69,3.7
198601,5.16,3.62,2.11,2.65,3.66,1.73,2.59,4,4.66,5.83
198602,4.61,4.26,6.75,5.68,6.02,7.52,7.45,7.36,8.68,7.65
198603,3.52,4.04,4.66,5.24,5.34,4.88,7.02,5.06,5.66,5.37
198604,1.04,1.32,1.87,2.59,1.17,-0.12,0.86,1.65,1,2.18
198605,2.59,3.63,2.39,2.91,3.74,2.99,3.62,4.86,4.98,6.51
198606,-0.65,-0.14,-0.64,0.04,1.3,1.42,1.83,2.04,3.22,2.41
198607,-9.35,-7.8,-7.1,-6.09,-5.16,-5.54,-6.98,-6.31,-6.57,-9.15
198608,1.42,2.48,2.71,2.81,3.99,2.6,1.49,3.52,1.34,0.97
198609,-4.98,-5.36,-4.49,-4.52,-5.4,-6.17,-7.16,-7.39,-6.94,-9.05
198610,0.08,1.34,2.07,2.38,2.89,3.6,3.69,3.81,3.43,4.54
198611,-1.89,-1.27,-0.17,1.09,0.05,0.45,0.4,-0.17,0.51,-1.69
198612,-4.97,-3.71,-2.76,-2.45,-3.07,-2.35,-3.26,-2.54,-4.19,-3.94
198701,14.92,10.48,9.9,10.75,10.08,10.32,11.57,11.32,10.82,12.58
198702,9.52,7.67,6.95,6.59,6.81,6.85,6.09,5.12,6.58,8.03
198703,3.45,2.79,2.54,2.67,2.6,2.58,2.34,3.83,2.69,4.76
198704,-2.3,-2.58,-2.11,-3.05,-2.7,-2.62,-2.63,-1.2,-1.66,0.34
198705,1.2,-0.2,-0.54,0.07,-0.07,-0.01,0.73,-0.18,-0.03,0.89
198706,1.7,1.76,2.21,3.88,4.15,3.37,3.36,3.17,2.46,2.18
198707,2.99,3.1,2.29,3.13,3.53,4.93,3.6,3.98,4.94,6.72
198708,0.12,2.75,1.99,3.31,2.3,3.45,1.55,2.65,1.73,1.07
198709,-2.3,-1.64,-0.7,-0.86,-2.22,-0.1,-0.93,-1.98,-1.51,-0.58
198710,-28.61,-24.11,-24.94,-25.99,-25.72,-27.54,-27.69,-28.31,-29.73,-32.46
198711,-9.47,-4.85,-4.1,-3.16,-4,-4.72,-3.2,-4.16,-3.9,-5.46
198712,-3.28,2.14,3.93,3.8,4.15,4.86,4.28,7.62,5.62,7.5
198801,13.76,9.59,8.81,8.24,7.25,6.76,5.79,4.94,3.37,4.13
198802,6.13,8.03,7.97,6.04,7.15,5.86,5.55,5.83,6.72,5.97
198803,4.56,3.09,3.41,3.26,3.42,2.01,3.31,2.79,4.06,4.46
198804,1.11,0.72,0.86,1.38,1.79,1.08,1.27,1.37,1.39,2.83
198805,-2.53,-2.19,-2.18,-1.63,-1.35,-1.31,-1.34,-0.28,-1.08,-1.2
198806,3.68,5.6,6.06,5.53,3.94,5.57,5.23,5.83,5.11,5.36
198807,1.06,-0.91,-0.26,-0.93,-0.39,-0.33,-0.94,0.86,-0.08,-0.18
198808,-3.17,-2.3,-2.13,-2.11,-1.87,-1.3,-2.2,-1.8,-2.27,-2.12
198809,0.91,1.97,2.1,1.77,2.51,2.62,2.27,2.43,2.35,2.7
198810,-5.01,-0.9,-0.83,-0.94,-0.68,-0.55,0.07,0.67,0.77,-0.25
198811,-6.19,-4.37,-2.26,-2.83,-3.33,-3.77,-2.37,-3.44,-2.95,-3.67
198812,0.62,1.41,2.27,2.99,1.76,2.21,2.72,3.13,3.41,3.94
198901,8.85,5.5,5.19,5.14,4.88,4.95,5,6.29,6.6,6.17
198902,-0.22,0.73,1.24,0.98,0.07,-0.04,0.85,0.44,-0.06,1.39
198903,-0.25,1.33,1.95,0.82,1.86,2.9,1.49,2.97,2.64,3.18
198904,2.09,2.87,2.54,3.28,3.37,3.43,4.48,3.85,4.24,4.59
198905,1.41,3.08,3.08,3.7,3.73,2.83,3.51,3.81,3.26,3.79
198906,-2.35,-1.4,-1.13,0.2,-0.6,0.19,0.15,-0.59,-1.27,-2.11
198907,-0.27,1.5,1.99,3.42,3.82,3.77,3.87,4.51,5.57,6
198908,-0.12,1.23,2.01,2.12,3.54,3,2.16,3.17,2.71,3.47
198909,-0.66,-0.19,-0.32,0.09,-0.04,1.13,-0.18,1,1.27,1.47
198910,-6.75,-5.88,-3.9,-3.64,-5.19,-4.66,-3.59,-4.63,-4.22,-5.53
198911,-4.72,-2.75,-1.22,0.4,-0.24,0.42,1.8,0.42,0.78,0.64
198912,-6.14,-1.25,-2.08,-1,-0.26,-0.03,0.96,0.02,1.29,-0.48
199001,-1.98,-5.25,-4.33,-4.66,-5.12,-5.75,-6.55,-6.22,-7.62,-7.84
199002,2.98,1.58,0.39,0.83,1.13,2.23,1.75,1.79,2.02,3.4
199003,2.23,1.59,2.39,1.98,0.78,2.54,2.61,3.45,2.35,4.31
199004,-2.92,-2.94,-1.81,-3.34,-2.94,-2.66,-3.6,-3.75,-2.34,-1.42
199005,3.01,3.19,3.18,3.02,3.15,4.63,6.13,6.4,7.59,8.49
199006,-1.39,1.15,-0.3,-0.37,0.68,0.35,1.24,0.16,0.72,1.87
199007,-4.28,-4.55,-4.3,-3.72,-2.14,-2.13,-2.54,-1.78,-1.59,-3.08
199008,-13.21,-12.49,-10.27,-10.7,-9.7,-9.81,-10.85,-10.42,-11.71,-12.48
199009,-11.27,-9.88,-8.98,-8.44,-7.41,-5.44,-4.43,-5.95,-7.4,-8.33
199010,-10.79,-8.8,-5.95,-6.65,-4.99,-3.87,-3.27,-2.47,-3.43,-4.83
199011,3.75,3.78,3.36,5.46,4.07,4.09,4.85,3.17,4.59,3.21
199012,-8.28,-1.46,0.17,0.34,3.02,2.5,0.58,2.92,1.9,1.27
199101,19.96,12.17,8.67,8.1,6.45,4.79,5.32,3.96,6.02,8.28
199102,27.12,14.6,10.75,9.01,9.82,10.23,8.08,8.27,11.18,11.54
199103,13.42,8.43,5.25,5.19,5.26,5.42,5.01,6.94,8.99,10.63
199104,5.26,4.08,3.69,2.22,3.85,2.46,1.88,1.41,1.72,1.4
199105,0.12,2.91,3.28,3.25,3.58,3.33,2.61,3.75,3.73,5.97
199106,-4.61,-2.44,-3.07,-3.5,-2.75,-2.86,-3.32,-2.82,-3.87,-4.92
199107,3.68,1.71,1.83,3.23,2.82,2.29,3.53,3.1,5.16,6.41
199108,2.5,3.09,1.58,2.31,2.46,2.3,3,3.75,4.65,4.73
199109,-0.24,0.61,0.08,1.53,1.26,-0.18,-0.77,0.9,1.31,2.98
199110,2.28,0.28,1.32,1.78,1.24,1.23,2.11,2.52,2.57,5.86
199111,-2.81,-2.76,-1.21,-1.31,-0.35,-2.06,-2.33,-2.95,-2.45,-4.25
199112,-3.34,1.37,2.93,3.44,3.09,4.48,5.9,6.41,6.46,9.29
199201,36.22,16.62,11.94,11.57,9.32,8.18,9.61,10.67,12.82,16.71
199202,10.08,6.76,5.8,5.53,4.47,4.73,3.81,4.51,6.22,3.72
199203,-0.59,1.04,-0.01,-0.87,0.02,-0.24,-1.64,-1.59,-1.03,-2.76
199204,-5.24,-3.11,-2.86,-0.58,-1.41,-1.32,-2.07,-2.45,-2.42,-5.75
199205,0.79,1.64,-0.05,0.46,1.6,0.49,0,1.76,0.88,-0.6
199206,-5.88,-5.12,-4.6,-2.8,-2.75,-3.17,-2.79,-3.2,-3.16,-4.6
199207,0,1.47,3.16,1.88,2.46,2.89,4.1,3.17,3.29,3.82
199208,-3.87,-2.58,-3.43,-1.79,-0.55,-1.55,-1.49,-1.76,-2.46,-3.7
199209,-0.42,1.32,-0.28,0.64,1.71,1.77,2.52,1.59,2.81,2.27
199210,1.01,0.79,0.94,1.44,2.4,2.48,2.06,2.5,1.93,3.82
199211,8.16,7.53,6.62,6.07,5.68,6.06,6.18,5.68,7.96,8.46
199212,2.43,3.34,1.92,2.25,3.13,2.9,4.98,3.74,5.9,6.67
199301,10.92,4.07,5.7,4.08,4.1,4.88,7.52,6.72,6.16,9.78
199302,-3.53,-1.51,-1.6,-1.59,-0.03,0.08,1.72,-0.02,-0.39,-0.47
199303,0.58,2.58,2.65,1.02,2.75,3.58,3,4.1,3.96,5.36
199304,-2.07,-2.05,-2.47,-1.65,-1.92,-2.32,-0.64,-1.67,-1.7,-1.38
199305,5.43,4.4,5.23,3.85,3.87,2.54,2.92,3.94,2.41,4.53
199306,0.08,-0.09,0.61,2.61,0.38,1.72,1.42,2.57,2.61,2.53
199307,0.97,-0.17,0.28,1.42,0.77,2.24,1.81,3.06,1.76,2.15
199308,3.11,2.45,3.97,3.16,2.07,4.01,3.82,4.23,5.05,6.71
199309,1.45,1.57,0.91,2.39,3.58,2.05,3.68,3.07,3.73,5.12
199310,6.97,5.25,4.18,3.69,1.6,3.25,3.41,3,3.72,4.4
199311,-2.32,-1.29,-1.68,-1.73,-2.01,-2.27,-2.81,-2.06,-3.11,-3.54
199312,-1.84,0.35,0.31,2.75,2.16,1.8,2.75,1.82,2.46,2.33
199401,7.97,4.62,4.41,3.92,2.84,3.69,3.55,3.91,5.41,5.03
199402,-0.13,-0.25,-0.65,-0.89,-0.19,-0.69,-0.16,-0.7,-0.57,-1.51
199403,-3.55,-3.49,-3.87,-3.52,-3.89,-3.8,-4.19,-4.06,-4.21,-6.35
199404,-5.25,-1.48,0.13,-1.51,-0.72,0.21,0.58,0.33,-0.6,-0.19
199405,0.4,0.31,-0.2,0.31,-0.07,0.63,0.73,-0.48,0.45,-2.28
199406,-4.9,-2.31,-2.97,-2.04,-1.21,-0.63,-2.35,-1.64,-1.34,-3.82
199407,0.02,1.07,1.18,1.53,1.36,1.61,1.78,2.14,2.43,2.3
199408,4.27,3.97,2.98,3.66,3.75,3.34,4.14,4.31,4.11,4.29
199409,1.36,0.31,-0.2,-0.54,0.41,-0.2,0.49,0.65,0.92,2.7
199410,-1.67,-0.17,-0.33,-0.13,0.26,-0.29,0.23,0.22,1.02,2.37
199411,-6.64,-4.32,-3.31,-3.31,-3.62,-4.07,-3.56,-3.38,-3.69,-3.44
199412,-6,-2.9,-0.87,-0.48,0.33,0.66,0.09,0.94,1.23,1.6
199501,7.94,3.71,3.31,3.07,1.53,1.61,1.95,2.22,1.38,1.35
199502,2.03,3.48,3.48,3.4,3.32,3.48,3.02,3.76,3.61,4.1
199503,1.12,0.8,2.53,2.6,1.32,1.48,1.62,1.98,2.25,2.96
199504,1.98,2.68,1.8,1.79,2.33,2.38,2.63,2.55,2.39,3.54
199505,0.75,1.56,4.03,2.08,2.38,2.13,2.3,2.16,2.05,2.49
199506,6.63,3.45,4.02,4.1,3.46,4.29,3.19,4.86,5.59,8.96
199507,6.88,3.46,3.94,3.73,5.36,4.31,4.52,5.22,6,9.27
199508,3.63,2.96,1.77,4.68,4.35,3.75,4.07,3.85,4.54,3.37
199509,2.25,2.12,2.42,2.48,2.9,3.43,2.71,3.06,3.15,4.02
199510,-9.78,-5.36,-3.35,-2.81,-1.8,-2.03,-2.39,-3.39,-2.13,-4.62
199511,-3.52,1.14,2.48,2.45,2.43,3.66,2.92,2.95,2.93,3.22
199512,-2.94,-0.31,1.08,0.96,2.39,1.86,2.44,2.38,2.44,2.51
199601,7.35,3.09,2.65,2.21,1.86,2.44,1.62,1.68,0.9,1.4
199602,5.82,3.28,3.06,3.41,2.23,2.42,3.26,2.57,3.86,4.13
199603,4.32,4,2.97,2.62,2.01,1.24,1.92,2.88,2.26,2.76
199604,8.18,5.49,5.26,4.55,2.67,3.63,2.92,4.23,5.63,9.94
199605,9.67,8.16,5.71,5.35,3.67,5.28,4.03,5.42,7.23,8.51
199606,-5.27,-2.3,-2.63,-0.8,-1.75,-1.85,-1.01,-1.92,-3.17,-5.77
199607,-11.11,-7.5,-6.13,-5.75,-5.45,-6.15,-5.78,-6.31,-6.68,-12.52
199608,3.99,4.11,3.5,4.34,3.61,3.51,4.33,4.74,4.2,6.77
199609,0.96,1.64,2.9,3.31,2.96,2.7,3.35,3.51,3.06,6.23
199610,-6.64,-3.48,-1.06,0.4,0.64,0.67,0.7,-0.61,-0.37,-2.16
199611,1.65,3.12,2.35,3.4,4.34,3.23,4.32,3.99,2.53,1.25
199612,-7.2,-0.26,1.12,1.5,1.58,2.05,0.85,2.31,0.95,1.26
199701,12.42,6.91,4.77,5.52,4.82,3.79,4.01,4.33,4.25,5.78
199702,-2.96,-1.48,-0.17,0.78,1.3,0.75,1.25,0.08,-0.83,-5.6
199703,-8.62,-4.4,-4,-3.67,-2.88,-2.62,-3.41,-3.77,-4.37,-4.63
199704,-5.61,-2.71,-2.28,-1.51,0.47,-0.17,-0.11,-0.45,-0.21,-0.56
199705,10.9,10.03,8.18,8.18,6.86,7.59,7.49,8.41,7.26,9.66
199706,1.52,4.19,4.91,4.84,5.22,4.88,5.78,6.45,6.24,6.36
199707,3.08,4.16,5.72,5.4,4.41,6.54,5.9,6.01,7.24,9.11
199708,5.23,3.02,2.44,2.06,1.89,2.14,4.83,1.64,2.55,3.92
199709,8.56,9.44,7.75,8.48,7.67,8.08,7.92,8.15,9.53,9.93
199710,-3.01,-1.66,-1.66,-1.63,-1.88,-1.25,-0.51,-0.97,-0.75,-4.6
199711,-7.06,-1.77,-0.32,-0.43,0.56,0.81,0.74,1.04,-0.26,-1.48
199712,-13.31,-5.12,-2.57,-0.62,0.07,1,2.62,2.49,2.12,-0.43
199801,7.01,1.28,-0.38,0.55,-0.75,-1.08,-0.18,-0.53,-1.32,-0.42
199802,6.04,6.02,6.47,7.18,6.2,6.65,6.23,6.27,6.96,6.29
199803,4.1,4.94,4.22,4.83,4.8,6.27,4.91,5.1,4.52,6.57
199804,4.28,3.23,1.79,2.13,2.56,1.25,2.06,1.44,1.74,2.58
199805,-6.33,-3.88,-3.82,-3.81,-3.67,-3.34,-3.46,-3.46,-4.18,-5.13
199806,-7.79,-5.04,-4.88,-2.95,-1.57,-2.1,-0.22,0.04,-0.44,1.61
199807,-6.71,-7.76,-7.29,-4.22,-6.2,-5.42,-5.3,-4.74,-4.17,-4.74
199808,-24.9,-21.91,-20.06,-18.19,-16.98,-17.01,-15.43,-16.81,-17.71,-22.18
199809,2.26,2.79,5.63,2.69,3.42,3.9,3.08,4.21,5.19,8.57
199810,7.57,3.12,3.34,3.51,2.81,2.64,2.51,2.21,2.1,2.33
199811,10.97,8.99,7.35,8.23,6.76,5.15,6.7,6.26,4.91,10.31
199812,-1.82,1.14,1.03,0.45,3.13,3.69,4.32,3.68,7.11,9.47
199901,18.31,9.87,6.25,3.05,2.03,1.31,0.23,1.11,2.79,8.7
199902,-4.44,-5.54,-4.88,-4.58,-5.06,-3.87,-4.7,-5.88,-6.03,-4.69
199903,0.89,-3.27,-3.26,-2.29,-2.02,-3.46,-3.32,-0.42,-3.01,3.54
199904,11.5,11.64,10.34,8.32,7.16,6.89,5.95,6.19,6.75,9.11
199905,7.1,6.39,4.54,4.29,2.91,2.62,2.03,2.4,2.14,0.55
199906,1.02,4.36,3.38,2.75,3.85,3.22,4.57,4.48,6.43,6.82
199907,2.52,-0.17,1.33,1.21,-0.21,0.04,1.58,-0.07,0.39,1.32
199908,-6.23,-3.66,-2.93,-3.11,-2.81,-2.83,-3.65,-2.96,-1.99,-1.22
199909,-4.06,-4.28,-3.28,-2.51,-2.72,-2.65,-2.71,-0.4,-1.37,2.76
199910,-5.5,-3.25,-1.19,-1.08,0.94,1.12,0.21,0.42,0.08,4.5
199911,13.42,7.9,5.28,4.76,3.08,4.4,4.73,8.73,8.28,18.22
199912,10.25,5.71,4.07,1.89,4.31,2.29,2.95,8.98,9.28,20.83
200001,17.45,6.04,2.22,0.63,2.66,3.69,0.54,1.13,7.65,7.45
200002,15.76,7.13,3.39,4.37,4.32,4.29,7.14,13.34,18.57,31.36
200003,-0.63,2.41,2.58,1.53,2.46,3.03,2.98,3.95,3.34,-3.53
200004,-11.34,-5.49,-3.08,-1.34,-0.69,-2.76,-3.44,-3.81,-8.27,-17.3
200005,-8.83,-4.28,-3.23,-1.7,-1.51,-1.85,-1.73,-2.75,-3.7,-12.09
200006,3,2.84,1.11,1.44,1.39,1.34,1.55,4.97,8.16,22.22
200007,-2.48,-1.63,-0.49,0.44,-0.48,0.98,1.73,1.3,-1.7,-6.86
200008,4.81,4.31,3.59,3.81,3.92,3.75,4.47,5.56,8.05,14.05
200009,-12.14,-5.71,-3.8,-0.7,-0.25,0.32,-1.21,-0.87,-2.8,-4.67
200010,-11.1,-7.19,-3.64,-2.5,-3.2,-1.94,-3.91,-4.17,-4.29,-9.32
200011,-22.72,-11.48,-7.6,-6.64,-3.77,-6.2,-7.43,-7.7,-9.72,-19.01
200012,-14.66,-4.36,-0.85,2.65,3.39,1.99,2.82,2.91,4.9,4.85
200101,64.75,30.55,19.47,13.77,11.64,8.51,7.99,5.96,5.24,4.55
200102,-16.47,-6.68,-3.76,-1.86,-2.21,-1.01,-2.18,-2.76,-2.05,-5.56
200103,-15.21,-6.21,-2.22,-1.41,-2.7,-0.89,-1.6,-2.13,-1.49,-1.31
200104,11.51,8.77,5.52,5.25,4.63,4.93,3.96,3.95,5.01,8.71
200105,7.28,7.45,6.93,5.55,6.9,5.49,6.96,6.12,5.47,7.73
200106,-1.9,2.08,3.08,2.67,2.12,3.26,2.55,2.87,2.87,2.92
200107,-9.16,-2.43,-1.54,-0.89,0.44,1.09,1.29,1.61,1.15,0.73
200108,-8.81,-3.91,-2.19,-0.98,-1.41,-0.07,-0.52,-1.27,-1.44,-2.94
200109,-20.45,-15.38,-13.51,-10.83,-8.94,-8.46,-9.02,-8.35,-7.77,-8.54
200110,16.92,5.96,4.76,6.29,4.36,3.95,2.3,4.18,2.58,7.67
200111,15.6,6.53,7.3,5.54,6.61,5.36,5.89,5.26,4.24,5.91
200112,9.47,6.35,6.99,4.94,5.94,5.17,4.21,5.74,5.31,5.78
200201,1.26,-0.79,0.95,0.91,2.92,1.14,1.74,3.25,3.64,3.25
200202,-12.46,-4.15,-1.81,-0.33,-1.79,0.41,1.03,-1.15,0.21,-2.09
200203,10.08,9.86,7.6,6.94,7.49,6.86,6.83,6.23,7.83,8.78
200204,-5.75,-1.36,-0.87,-0.48,1.25,2.32,2.67,3.41,3.02,0.73
200205,-8.26,-4.39,-1.63,-1.09,-0.6,-1.8,0.56,-1.4,0.26,0.31
200206,-15.91,-9.16,-6.54,-6.54,-4.6,-3.25,-3.03,-2.71,-1.74,-3.32
200207,-16.2,-12.09,-13.4,-10.37,-10.92,-9.8,-7.96,-8.95,-8.94,-12.48
200208,0.98,-1.61,-1.91,0.77,0.15,0.43,1.45,1.01,0.66,0.48
200209,-16.59,-11.86,-9.24,-8.72,-6.93,-5.89,-4.88,-5.02,-4.61,-4.94
200210,10.56,3.15,2.93,3.24,0.58,4.1,3.73,2.75,3.72,5.23
200211,32.78,16.67,13.52,8.11,6.35,4.23,5.46,4.07,3.29,5.25
200212,-14.58,-8.49,-4.21,-5.53,-3.37,-0.83,-1.29,-0.3,0.02,-0.49
200301,2.29,-0.43,-2.04,-1.31,-2.13,-0.42,-0.15,-0.12,-0.01,1
200302,-4.83,-3.88,-3.29,-2.84,-2.96,-1.59,-1.64,-0.62,-0.73,-1.01
200303,2.44,-0.1,-0.57,-0.2,-0.42,0.91,1.34,0.13,2.23,2.94
200304,18.79,13.15,10.73,11.23,8,6.61,7.51,6.5,5.77,7.26
200305,32.72,20.79,13.89,12.4,10.59,10.02,8.94,8.51,8.09,8.03
200306,11.4,5.27,4.92,3.63,4.2,4.38,2.24,4.16,3.76,4.21
200307,8.12,8.64,6.93,6.49,6.88,5.88,4.53,6.19,5.96,9.41
200308,5.54,4.97,5.45,4.13,3.85,3.68,4.98,5.74,5.34,5.9
200309,7.59,1.76,0.18,0.61,0.88,0.9,0.29,1.52,1.95,3.12
200310,8.02,6.12,6.62,6.97,6.75,7.15,8.7,8.58,8.6,11.95
200311,1.98,3.95,2.89,3.29,4.11,3.2,3.5,4.19,4.07,5.02
200312,6.55,5.49,4.3,4.69,4.18,2.54,2.68,2.04,3.45,1.94
200401,9.5,4.51,4.88,4.4,5.87,4.26,4.38,6.35,8.5,10.77
200402,0.74,1.75,1.54,2.24,1.45,1.35,0.69,1.76,1,0.12
200403,0.06,-0.32,1.18,1.17,1.09,0.49,0.29,1.01,1.09,-1.23
200404,-1.78,-1.15,-1.51,-0.86,-1.05,-3.03,-2.78,-4.09,-3.45,-6.68
200405,-2.65,0.32,0.29,0.77,0.6,0.23,-0.03,0.66,-0.06,0.79
200406,1.33,1.32,2.99,2.38,2.83,3.25,2.42,3.56,3.97,2.85
200407,-9.45,-5.44,-4.12,-5.74,-4.24,-3.52,-5.15,-6.41,-6.41,-8.71
200408,-2.58,0.28,-0.31,-0.6,-0.64,0.25,-1.45,-1.23,-1.37,-3.06
200409,2.74,2.38,3.23,2.95,3.47,3.84,4.17,4.71,6.33,7.35
200410,2.3,1.71,1.84,2.6,1.81,2.26,1.41,3.11,1.82,0.7
200411,12.51,7.35,6.89,6.25,6.78,7.19,8.45,8.19,8.7,9.6
200412,10.78,6.19,5.09,3.75,4.44,4.02,3.21,3.03,4.06,6.16
200501,-7.91,-2.76,-3.01,-2.37,-2.27,-2.35,-1.58,-1.78,-1.42,-2.3
200502,-1.18,-0.27,0.16,1.32,1.6,0.67,2.38,1.68,2.72,4.7
200503,-5.79,-2.31,-1.18,-2.35,-1.71,-1.82,-1.67,-1.53,-2.48,-3.08
200504,-9.37,-5.25,-4.6,-3.39,-4.25,-3.45,-3.84,-4.51,-4.54,-7.6
200505,5.47,4.14,4,4.38,4.14,4.88,4.25,4.99,5.65,7.6
200506,3.44,3.2,2.58,3.05,3.04,2.51,3.92,3.62,3.18,4.62
200507,8.42,6.86,5.14,5.48,4.58,5.18,6.05,5.68,5.77,8.55
200508,-2.79,-0.74,-1.03,-1.09,-1.75,-1,-0.42,-0.75,0.07,0.2
200509,-0.18,-0.18,-0.31,-0.11,0.46,2.1,0.68,0.62,2,2.65
200510,-5.44,-3.28,-1.89,-1.71,-1.44,-2.94,-2.33,-2.24,-3.18,-4.79
200511,3.64,3.02,3.28,3.2,4.16,3.85,3.51,4.76,2.9,5.34
200512,1.5,0.92,0.02,0.11,0.51,0.44,0.43,0.91,1.82,0.78
200601,10.06,6.81,6.36,5.8,5.99,4.48,6.05,6.41,8.92,12.93
200602,1.1,-0.03,0.78,1.05,1.5,0.79,1.93,1.26,-0.44,-1.64
200603,4.53,3.72,3.29,2.75,3.49,4.07,4.74,4.36,5.38,5.58
200604,0.64,0.67,0.15,0.51,0.15,-0.18,0.47,1.06,0.91,1.18
200605,-5.93,-2.84,-3.77,-3.24,-2.9,-3.27,-4.16,-4.5,-5.7,-8.73
200606,-2.5,-1.73,-1.18,-0.51,0.5,-0.01,0.65,-0.37,-0.07,-1.76
200607,-5.85,-3.51,-1.99,-1.91,-1.67,-1.95,-1.75,-3,-3.02,-5.64
200608,3.32,3.71,2.6,2.06,2.18,1.41,2.1,2.18,1.43,0.88
200609,0.04,1.42,1.4,1.35,0.7,0.9,2,0.94,1.46,0.77
200610,5.91,4.97,4.28,5.32,3.86,4.09,4.68,3.47,5.43,5.81
200611,2.85,2.97,3.53,2.13,2.62,1.56,2.3,2.67,1.53,2.56
200612,0.92,0.48,1.16,0.44,1.3,1.61,2.19,1.4,0.6,3.08
200701,3.39,2.56,1.79,0.75,2.12,2.19,1.7,2.66,1.95,3.69
200702,0.22,1.24,-0.01,-0.05,0.46,0.69,1,-0.37,-0.81,-0.59
200703,-2.27,-0.12,0.47,0.5,0.85,1.13,0.93,1.38,2.34,2.31
200704,3.04,1.74,1.55,1.82,2.6,1.91,2.1,2.58,3.33,3.21
200705,1.14,2.98,2.23,2.93,2.83,3.61,2.72,3.45,2.19,2.25
200706,-0.96,-0.82,-0.81,-0.29,-0.44,-1.02,-0.46,-0.88,-0.99,-0.56
200707,-6.03,-5.69,-5.83,-5.07,-4.54,-5.14,-4.07,-3.18,-3.78,-4.82
200708,-3.53,0.26,0.62,-0.43,-0.52,0,-1.02,-1.15,0.57,-0.46
200709,-0.75,0.06,0.81,0.17,0.83,1.64,1.95,2.12,3.84,5.3
200710,-1.8,-1.97,-0.22,0.59,1.22,2.02,2.37,3.87,3.25,4.73
200711,-14.12,-8.78,-7.01,-5.53,-6.3,-6.02,-6.18,-6.74,-7.86,-8.24
200712,-4.34,-2.83,-3,-1.7,-1.64,-1.59,-0.14,1.07,0.47,1.85
200801,0.66,-3.03,-4.46,-3.75,-5.14,-5.1,-7.98,-6.5,-9.42,-11.35
200802,-4.75,-3.97,-3.82,-3.89,-2.19,-1.77,-1.65,-1.1,-0.29,-0.81
200803,-6.62,-3.29,-3.12,-0.43,-0.88,1.3,-0.8,-1.32,-1.45,-2.1
200804,-0.21,2.61,1.5,3.3,2.52,2.72,2.37,2.57,3.32,6.24
200805,3.51,2.06,2.93,2.49,4.42,4.25,2.64,2.84,2.85,6.95
200806,-13.99,-12.84,-12.47,-9.99,-9.43,-8.46,-7.8,-6.91,-4.48,-1.86
200807,-0.56,1.38,1.96,2.36,2.42,3.44,1.9,3.05,0.82,-4.42
200808,2.91,2.06,3.3,3.32,3.16,3.4,3.48,1.89,1.12,-1.16
200809,-15.73,-12.21,-9.83,-9.12,-8.61,-8.29,-6.68,-7.53,-10.43,-16.3
200810,-24.91,-25.46,-22.36,-21.5,-20.44,-17.93,-17.64,-16.55,-18.38,-21
200811,-20.01,-17.45,-16.35,-13.73,-11.89,-12.79,-10.19,-8.99,-9.64,-11.14
200812,2.82,3.73,4.22,3.23,3.32,1.95,3.64,2.88,2.83,2.14
200901,7.26,0.31,-5.37,-6.51,-6.17,-6.89,-6.71,-6.15,-7.89,-10.57
200902,-14.31,-14.89,-10.07,-12.13,-10.85,-9.94,-9.44,-10.39,-11.06,-10.93
200903,30.42,18.93,11.47,10.73,10.73,9.13,6.37,9.07,5.81,7.27
200904,44.37,38.13,31.57,22.5,19.95,14.92,14.18,12.29,7.67,6.01
200905,24.9,17.32,13.02,9.98,5.36,6.7,5.23,4.97,3.9,2.93
200906,5.5,3.46,3.48,2.36,1.96,2.74,3.32,3,4.51,3.71
200907,9.66,11.89,10.3,11.26,8.71,9.76,5.47,7.1,8.05,6.55
200908,26.16,12.21,5.3,6.97,4.5,2.85,2.9,1.06,1.77,0.62
200909,14.84,7.79,7.57,6.12,6.05,5.09,5.14,5.01,3.75,5.37
200910,-10.9,-7.2,-4.87,-4.62,-5.33,-4.13,-4.5,-4.62,-4.63,-8.61
200911,-2.42,1.84,1.9,2.17,1.67,3.42,2.37,1.6,5.04,4.6
200912,6.11,5.74,7.11,4.68,5.42,6.31,6.93,7.79,6.89,8.58
201001,4.24,-0.01,-0.98,-2.38,-1.16,-1.28,-2.68,-1.61,-2.88,-1.77
201002,0.97,2.95,3.02,3.45,3.53,4.46,3.98,5.6,6.99,7.03
201003,7.21,6.54,8.16,7.85,8.18,7.49,7.67,7.86,9.38,10.17
201004,11.2,6.54,6.27,5.22,5.39,5.49,6.46,7.52,8.38,12.09
201005,-10.7,-7.05,-6.46,-6.62,-6.94,-7.11,-7.65,-7.16,-7.96,-10.21
201006,-10.23,-5.78,-6.02,-4.77,-6.09,-6.11,-7.63,-7.97,-8.84,-10.92
201007,4.86,5.13,6.3,5.69,6.16,5.58,5.87,6.28,6.87,7.95
201008,-7.7,-7.25,-5.9,-6.77,-5.41,-6.12,-6.28,-5.09,-5.92,-8.59
201009,10.16,10.81,11,9.91,10.64,9.93,9.9,11.68,11.3,13.89
201010,3.85,4.16,3.96,3.71,3.45,3.55,4.81,5.27,4.57,4.59
201011,-1.79,2.54,3.61,2.02,2,3.38,2.92,3.02,3.74,4.05
201012,11.18,9.75,7.36,7.91,7.07,8.73,7.72,7.25,7.5,7.27
201101,5.06,1.64,1.2,2.38,0.71,1.89,0.85,1.17,1.75,1.31
201102,2.35,3.96,3.7,5.26,3.96,3.83,5.44,5.51,4.59,5.64
201103,-2.77,0.83,0.92,2.57,1.67,2.19,1.52,3.25,3.81,3.04
201104,-0.64,1.44,2.24,1.66,2.33,2.87,2.26,2.57,2.2,1.05
201105,-3.6,-2.43,-1.13,-1.58,-1,-1.3,-1.52,-1.84,-1.39,-2.42
201106,-5.68,-2.41,-1.99,-1.95,-1.31,-1.92,-0.78,-2.16,-1.15,-1.6
201107,-1.45,-2.65,-2.62,-2.77,-2.46,-3.58,-3.1,-2.95,-1.82,-3.25
201108,-12.49,-10.24,-6.8,-6.87,-6.33,-7.08,-7.83,-8.43,-9.67,-10.83
201109,-12.84,-8.68,-7.71,-8.77,-9.54,-9.17,-9.17,-10.24,-12.97,-15.09
201110,10.02,10.72,13.1,11.26,11.48,13.18,12.11,11.49,13.48,16
201111,-6.92,-3.19,-1.87,-1.3,-1.17,1.14,-0.43,0.36,0.1,-0.18
201112,-2.66,-0.08,1.16,1.07,0.01,1.43,1.1,0.41,1.04,-0.09
201201,16.65,11.6,10.24,8.4,8.45,6.24,5.55,5.58,3.85,6.38
201202,5.51,5.29,3.69,3.04,3.55,3.84,2.86,2.82,2.88,4.07
201203,2.22,3.24,2.73,3.76,3,3.52,3.59,3.23,3.43,3.86
201204,-3.94,-4.24,-0.83,-1.08,-2.11,-0.78,-0.72,0.39,1.36,0.48
201205,-11.66,-9.06,-7.71,-6.8,-5.16,-5.35,-5.53,-4.56,-5.15,-5.36
201206,1.68,5.24,4.37,4.03,4.55,3.45,4.27,3.48,4.18,4.16
201207,-2.24,-2.44,-2.99,-1.06,-1.24,0.11,0.27,-0.5,0.26,0.29
201208,2.47,4.06,3.47,2.9,3.25,2.36,1.96,2.25,1.89,3.93
201209,5.84,4.15,4.49,3.12,2.39,3.62,3.37,3.3,2.77,3.52
201210,-4.15,-2.31,-1.63,-2.07,-1.41,-1.49,-0.94,-1.15,-0.72,-0.12
201211,-0.3,0.24,0.82,1.42,0.49,0.32,-0.25,0.95,0.19,0.57
201212,3.11,3.31,2.97,2.81,3.6,2.54,2.53,2.09,1.75,1.48
201301,9.86,6.26,6.01,7.36,5.17,6.84,6.72,7.28,7.05,9.01
201302,-0.34,0,1.2,2.17,1.34,1.51,2.02,0.91,2.09,1.31
201303,2.65,2.88,3.96,4.48,4.01,4.57,4.57,5.59,5.16,7.45
201304,-1.86,-0.14,0.38,-0.42,-0.12,0.48,0.18,0.7,-0.18,1.48
201305,6.55,5.71,6.11,3.49,4.1,3.2,4.09,3.86,4.66,4.2
201306,-2.26,0.36,0.8,0.03,1.18,-0.24,1.19,0.95,0.31,-0.66
201307,10.65,6.08,5.86,6.7,7.2,7,7.54,6.77,7.02,8.59
201308,-1.3,-1.89,-2.73,-2.12,-1.99,-2.38,-2.43,-2.11,-2.19,-2.56
201309,7,4.41,3.32,4.91,5.18,5.83,6.08,5.77,6.49,7.39
201310,0.79,3.09,2.33,3.51,4.18,2.68,3.74,3.8,2.64,2.35
201311,4.58,3.44,4.69,3.79,4.61,3.57,4.13,4.97,5.57,4.62
201312,2.83,2.74,3.1,1.79,2.44,2.18,3.12,2.09,3.6,3.28
201401,4.86,0.43,-0.36,-1.93,-1.05,-2.67,-2.83,-1.11,-1.58,0.53
201402,4.68,3.31,2.83,3.55,4.41,5.14,4.06,5.84,5.27,6.12
201403,-1.26,2.25,0.81,1.11,1.14,1.31,0.1,0.79,-0.15,-2.35
201404,-4.92,-2.95,-1.69,-1.45,-2.66,-2.78,-2.7,-2.34,-3.72,-7.44
201405,-1.21,-1.07,1.75,0.66,1.08,0.59,1.24,0.04,0.39,-0.71
201406,5.26,4.22,3.08,4,5.22,3.36,3.61,4.41,4.63,5.45
201407,-5.36,-4.56,-3.53,-3.41,-3.66,-4.1,-4.57,-3.93,-5.11,-5.63
201408,3.68,3.19,3.67,3.27,4.94,4.33,4.1,4.15,4.27,5.73
201409,-9.35,-4.75,-4.3,-3.37,-4.46,-3.17,-3.84,-3.95,-4.02,-4.37
201410,-1.55,3.62,4.93,5.81,4.67,5.22,4.18,3.51,3.16,1.91
201411,-2.64,-2.16,-0.41,0.3,1.01,0.71,0.33,0.89,1.57,1.21
201412,0.37,2.31,1.85,2.12,1.96,2.35,1.97,2.55,1.91,1.44
201501,-6.09,-3.79,-5.1,-4.52,-2.91,-2.97,-2.56,-2.29,-1.12,-1.47
201502,10.3,6.95,6.97,5.26,5.88,5.85,6.71,4.97,4.55,5.41
201503,-4.47,-0.83,0.17,1.18,0.82,0.87,1.43,1.67,1.41,1.64
201504,7.81,0.84,-0.08,-0.3,-0.79,-1.07,-1.42,-1.92,-2.24,-3.88
201505,-2.59,-1.86,0.1,0.17,0.58,1.09,2.54,1.38,3.13,4.96
201506,-3.66,-0.94,0.67,0.03,0.31,0.3,0.08,0.65,0.95,0.97
201507,-13.76,-7.91,-4.1,-1.45,-1,-0.22,0.29,1.14,0.64,0.79
201508,-1.56,-5.86,-3.11,-4.49,-4,-4,-3.69,-4.43,-5.13,-7.18
201509,-13.74,-8.79,-7.43,-4.89,-2.77,-3.07,-1.63,-1.77,-2.17,-6.58
201510,5.27,5.66,6.4,6.38,5.98,4.87,4.65,4.41,5.99,4.73
201511,3.85,0.62,1.66,1.49,1.64,2.23,3.33,3.4,2.48,3.41
201512,-9.84,-6.18,-6.05,-5.21,-3.46,-2.9,-2.9,-2.53,-2.61,-4.21
201601,-13.4,-11.39,-9.27,-9.4,-7.96,-7.72,-7.48,-5.85,-6.54,-11.37
201602,0.28,1.68,1.23,4.04,1.46,1.32,0.33,-1.15,-1.31,-1.38
201603,16.13,10.92,8.95,8.33,7.06,6.98,6.38,5.8,5.1,4.62
201604,10.24,5.85,3.69,3.49,2.3,3.05,1.72,1.52,1.65,1.73
201605,-3.59,0.55,0.44,1.29,1.2,1.39,2.02,1.49,1.71,1.39
201606,0.54,-1.7,-2.21,-2.29,-1.74,0.08,-0.3,0.27,1.02,1.51
201607,8.77,8.2,4.54,5.91,6.09,5.51,4.18,3.86,3.68,4.79
201608,4.51,2.48,1.98,1.15,3.06,2.5,1.48,1.61,1.31,-0.35
201609,4.68,3.39,0.33,1.94,1.23,0.75,1.28,0.88,3.39,1.58
201610,-11.3,-5,-4.01,-2.61,-2.34,-2.77,-2.54,-4.3,-4.24,-7.22
201611,6.53,9.03,11.34,9.27,9.95,8.91,10.29,8.26,9.75,10.17
201612,-0.94,2.07,2.58,3.37,3.4,3.61,3.74,3.12,2.23,0.59
201701,4.48,1.55,1.82,0.79,1.24,0.72,0.16,0.52,0.46,2.4
201702,1.85,2.69,2.26,2.42,2,2.02,1.25,2.32,0.99,-0.09
201703,0.34,1.91,0.32,1.39,0.53,0.36,0.24,1.09,-0.03,-0.09
201704,-3.15,0.88,0.42,3.34,1.01,1.21,1,1.11,1.16,0.08
201705,-7.07,-1.42,0.12,-1.07,-0.81,-0.4,-1.48,-1.38,-1.63,-1.21
201706,7.31,2.75,2.11,3.07,3.45,2.57,3.26,2.66,3.84,2.73
201707,-2.36,-1.61,0.64,0.76,0.38,-0.34,-0.14,0.49,1.32,1.49
201708,-3.69,-3.62,-1.95,-1.24,-1.68,-0.22,-0.73,-1.41,-0.76,0.11
201709,11.86,6.63,6.09,6.66,5.72,6.73,6.14,5.55,6.98,6.44
201710,-3.3,-2.94,0.16,1.68,0.4,0.49,1.84,2.35,1.93,1.27
201711,4.7,4.9,3.7,2.96,3.02,3.3,3.03,3.33,2.22,3.17
201712,2.93,1.62,0.19,0.47,-0.29,0.07,0.79,-0.48,0.95,2.06
201801,2.9,2.25,1.99,3.59,2.71,3.07,2.76,3.6,4.36,4.16
201802,-6.51,-5.13,-3.62,-3.65,-2.57,-3.5,-3.58,-2.87,-3.28,-3.38
201803,1.02,0.14,0.51,1.43,1.74,2.34,0.85,-0.19,1.07,0.4
201804,0.66,1.36,1.34,1.35,1.07,0.44,0.29,-0.36,0.81,0.75
201805,5.12,4.48,4.38,3.35,2.59,4.1,3.86,4.78,6.14,9.1
201806,1.01,1.06,2.43,0.44,1.46,-0.4,-0.1,0.54,0.68,1.17
201807,-3.26,1.05,1.52,0.15,1.81,2.62,1.4,0.93,1.7,0.82
201808,0.81,2.13,2.76,1.97,3.24,4.2,2.59,3.01,5.38,8.41
201809,-1.45,-2.49,-0.7,-1.32,-2.37,-2.57,-1.18,-1.02,-1.61,-2.3
201810,-13.86,-9.98,-8.56,-7.96,-8.13,-7.96,-8.42,-8.67,-10.41,-12.32
201811,-3.07,-0.43,1.03,1.03,1.5,0.07,0.97,1.29,-0.5,-1.6
201812,-21.76,-14.11,-13.38,-12.71,-10.65,-10.22,-9.82,-9.7,-10.27,-12.18
201901,27.19,19.28,14.18,12.72,9.82,8.6,8.47,8.64,8.54,11.7
201902,6.12,5.58,4.38,5.99,4.78,4.57,5.33,4.15,4.49,5.17
201903,0.23,-3.48,-1.79,-2.82,-2.25,-2.49,-1.36,-0.91,-0.21,-0.93
201904,1.05,3.31,3.42,4.94,2.79,3.61,2.41,1.89,1.81,1.64
201905,-13.48,-12.29,-8.21,-8.71,-7.44,-6.88,-6.23,-6.35,-5.51,-4.57
201906,2.63,4.61,8.02,5.81,5.71,5.97,6.75,5.71,6.95,6.9
201907,-6.07,-0.47,-1.06,-0.54,0.27,0.25,0.93,0.12,0.08,1.69
201908,-6.99,-7.12,-8.48,-6.64,-5.06,-5.34,-2.73,-2.4,-2.51,-2.81
201909,3.76,3.76,3.9,4.38,4.11,2.98,3.05,1.46,-0.5,-3.76
201910,-4.47,0.3,-0.05,0.88,0.69,2.42,1.39,1.55,1.35,1.79
201911,1.82,4.65,4.06,2.84,4.31,3.91,3.94,1.88,4.67,5.48
201912,11.63,5.49,3.95,3.37,3.61,2.91,4.1,2.69,2.36,4.46
202001,1.1,-1.81,-1.34,-4.48,-3.05,-2.85,-3.2,-2.2,-0.91,-0.07
202002,-3.63,-9.93,-7.15,-8.77,-8.81,-8.63,-8.66,-8.61,-7.96,-6.41
202003,-26.13,-24.42,-25.4,-21.93,-23.2,-21.28,-19.4,-21.35,-18.92,-20.59
202004,35.87,22.18,18.86,16.64,12.69,12.53,12.98,14.26,15.84,19.46
202005,12.67,11.3,7.99,7.03,4.9,5.12,4.79,4.09,7.22,10.55
202006,12.94,12.27,6.27,4.91,4.97,1.64,2.5,2.78,3.55,8.06
202007,6.29,2.87,1.46,0.72,2.47,4.61,4.37,9.67,5.38,6.07
202008,4.94,4.87,6.67,5.25,5.41,4.31,4.02,4.97,2.34,3.38
202009,-7.31,-3.56,-3.82,-1.76,-3.44,-2.66,-1.68,-3.14,-1.46,-0.71
202010,-1.17,3.14,4.39,3.1,1.38,0.83,1.64,2.04,1.41,-0.89
202011,39,23.92,19.36,18.2,17.56,18.16,14.15,17.09,15.3,19.8
202012,15.88,12.43,9.69,9.61,6.84,5.73,7.17,5.89,8.53,8.14
202101,28.42,7.01,5.67,5.71,4.82,5.86,3.16,6.27,13.82,20.44
202102,14.25,10.93,10.7,8.73,9.71,8.59,8.96,6.71,9.74,5.25
202103,1.4,5.71,5.91,3.25,5.43,2.87,4.33,2.42,1.12,-2.1
202104,-1.77,1.17,1.26,2.58,2.74,2.64,1.95,5.67,1.69,-0.24
202105,-0.85,1.08,1.34,1.86,2.91,2.45,1.45,4.3,4.12,1.7
202106,3.72,3.06,2.34,1.81,0.53,0.48,1.49,0.78,2.08,8.31
202107,-7.14,-0.73,-0.63,0.76,-1.31,-2.12,-2.62,-2.43,-5.06,-8.57
202108,2.32,2.11,1.99,3.26,1.83,2.13,2.12,2.11,2.72,2.9
202109,-2.88,-3.26,-4.16,-3.02,-3.43,-2.83,-1.33,-1.17,-2.05,-2.61
202110,-1.7,2.68,4.22,3.09,3.66,4.27,3.15,3.67,5.22,2.03
202111,-11.05,-5.86,-3.14,-2.44,-3.28,-3.33,-2.39,-4.77,-5.23,-7.17
202112,-4.82,2.85,3.75,2.71,2.65,3.44,3.45,2.58,0.76,-3.36
202201,-13,-7.66,-5.25,-5.88,-5.47,-4.38,-6.76,-5.21,-7.77,-11.11
202202,-4.17,-0.25,1.23,0.47,1.93,0.8,0.24,-0.49,1.21,4.32
202203,3.25,1.05,-0.14,0.54,1.14,1.55,1.39,2.21,1.81,2.87
202204,-20.8,-10.9,-8.43,-7.02,-5.91,-6.85,-6.68,-6.65,-7.41,-6.45
202205,-7.29,-2.85,0.7,-0.86,0.25,0.33,0.12,0.26,-0.33,2.55
202206,-4.36,-7.76,-8.72,-7.75,-7.53,-6.15,-4.14,-6.6,-7.4,-13
202207,7.42,10.76,8.25,9.07,8.82,9.22,6.46,7.53,6.44,10.95
202208,2.19,-1.15,-2.27,-1.11,-0.5,-1.99,-2.93,-1.25,-0.31,2.46
202209,-16.01,-11.63,-10.73,-11.41,-9.31,-8.16,-5.02,-7.33,-7.57,-10.8
202210,0.83,6.81,9.3,8.97,8.94,9.31,7.56,10.83,10.11,13.55
202211,-5.35,0.95,3.05,4.01,4.04,3.96,4.97,2.2,2.3,-0.33
202212,-9.5,-7.22,-5.1,-4.58,-3.28,-4.15,-2.8,-4.51,-4.28,-4.47
202301,31.02,18.73,16.26,11.32,9.4,8.81,4.57,4.83,5.58,4.05
202302,-9.66,-4.14,-3.41,-1.44,-1.73,-0.87,-1.05,-1.36,-1.15,-2.36
202303,-11.87,-6.6,-5.5,-5.69,-4.84,-2.71,-2.22,-4.33,-3.14,-4.19
202304,-3.42,-2.3,-2.79,-2.69,-1.21,-2.09,1.16,-1.09,-1.6,-0.58
202305,1.07,-0.41,2.18,-3.63,-2.82,-0.93,-1.28,-1.38,-0.25,0.66
202306,2.77,7.99,6.65,8.32,5.78,7.09,4.75,8.34,7.86,5.73
202307,7.69,6.58,5.41,5.79,5.44,2.96,3.94,3.5,2.33,2.39
202308,-12.08,-6.4,-5.72,-5.52,-3.85,-2.21,-3.58,-4.47,-3.96,-5.45
202309,-11.48,-6.25,-6.34,-3.65,-3.19,-3.78,-5.74,-5.82,-6.13,-5.52