This file was created by CMPT_BETA_RETS using the 202309 CRSP database.,,,,,,,,,,,,,,,
It contains value- and equal-weighted returns for portfolios formed on BETA.,,,,,,,,,,,,,,,
,,,,,,,,,,,,,,,
The portfolios are constructed at the end of June. Beta is estimated using monthly returns for the past 60 months,,,,,,,,,,,,,,,
 (requiring at least 24 months with non-missing returns). Beta is estimated using the Scholes-Williams method.,,,,,,,,,,,,,,,
Annual returns are from January to December.,,,,,,,,,,,,,,,
,,,,,,,,,,,,,,,
Missing data are indicated by -99.99 or -999.,,,,,,,,,,,,,,,
,,,,,,,,,,,,,,,
The break points include utilities and include financials.,,,,,,,,,,,,,,,
,,,,,,,,,,,,,,,
The  portfolios  include utilities and include financials.,,,,,,,,,,,,,,,
  Equal Weighted Returns -- Monthly,,,,,,,,,,,,,,,
Date,Lo 20,Qnt 2,Qnt 3,Qnt 4,Hi 20,Lo 10,02-Dec,03-Dec,04-Dec,05-Dec,06-Dec,07-Dec,08-Dec,09-Dec,Hi 10
196307,-0.26,-0.63,-1.17,-1.86,-1.07,-0.47,-0.05,-0.4,-0.87,-1.25,-1.1,-0.89,-2.82,0.04,-2.2
196308,2.87,4.42,5.03,5.52,7.39,2.8,2.94,4.15,4.69,5.02,5.04,5.67,5.36,6.64,8.14
196309,-1.34,-1.96,-1.4,-1.63,-3.35,-1.47,-1.2,-1.78,-2.13,-1.28,-1.52,-0.81,-2.45,-3.16,-3.55
196310,0.75,1.19,1.43,3.22,3.37,0.82,0.67,1.4,0.99,1.13,1.72,4.09,2.36,3.58,3.16
196311,-0.03,-0.71,-1,-0.91,-0.62,-0.27,0.21,-0.42,-1,-1.53,-0.46,-1.42,-0.41,-0.1,-1.16
196312,0.07,0.99,1.66,0.77,0.83,0.03,0.1,0.32,1.65,1.72,1.59,0.7,0.83,0.32,1.35
196401,1.81,2.01,2.9,2.55,2.04,1.42,2.2,2.05,1.97,2.89,2.91,1.95,3.15,2.31,1.76
196402,2.21,2.57,2.62,3.21,3.3,2.2,2.23,2.58,2.55,2.67,2.58,2.5,3.91,3.04,3.57
196403,1.55,2.71,2.94,4.11,5.42,0.82,2.28,2.64,2.78,2.05,3.83,3.1,5.12,5.3,5.54
196404,1.05,0.41,-0.28,-0.08,-2.22,0.67,1.43,0.7,0.13,0.13,-0.69,-0.27,0.1,-0.7,-3.75
196405,1.24,1.42,1.49,1.21,1.32,1.23,1.25,1.36,1.48,1.93,1.04,1.25,1.18,0.51,2.13
196406,2.01,2.05,1.68,1,2.04,2.06,1.95,2.57,1.54,2.13,1.22,1.99,0,2.02,2.07
196407,3.92,2.87,2.87,3.18,1.68,3.69,4.17,3.11,2.64,2.81,2.94,3.16,3.21,2.33,1.02
196408,0.3,-1.05,-0.83,-0.66,-1.92,0.87,-0.27,-1.08,-1.02,-1.12,-0.53,-0.38,-0.94,-1.32,-2.53
196409,2.91,2.64,3.49,4.52,5.23,2.23,3.59,2.55,2.74,2.85,4.14,3.91,5.13,4.64,5.83
196410,2.04,1.38,2.1,1.42,1.81,2.15,1.93,1.69,1.09,1.78,2.43,0.94,1.91,1.56,2.06
196411,0.89,0.3,0.57,-0.36,-1.07,1.44,0.36,0.19,0.41,0.81,0.32,-0.2,-0.52,-1.01,-1.12
196412,-0.62,-0.78,-0.51,-1.29,-0.98,-0.27,-0.96,-1.04,-0.53,-0.48,-0.54,-1.44,-1.13,-1.03,-0.92
196501,4.31,4.43,6.38,7.11,8.07,3.99,4.64,3.88,4.96,7.31,5.44,6.71,7.51,7.3,8.85
196502,2.63,1.09,2.88,3.53,3.96,3.25,2.02,1.3,0.89,2.56,3.21,3.42,3.64,4.22,3.71
196503,0.63,0.82,-0.33,0.53,1.05,0.42,0.84,0.74,0.89,-0.89,0.24,-0.08,1.15,1.51,0.59
196504,2.63,2.85,4.12,3.53,5.67,2.86,2.41,2.5,3.19,3.29,4.95,2.68,4.37,5.35,5.98
196505,-0.87,-1.07,-0.52,-0.81,-0.61,-1.21,-0.54,-0.93,-1.21,0.24,-1.28,-0.01,-1.6,-0.22,-1.01
196506,-5.7,-4.87,-6.92,-8.5,-10.13,-5.9,-5.5,-4.29,-5.44,-6.47,-7.37,-7.75,-9.25,-9.6,-10.65
196507,2.65,2.43,2.5,2.74,3.76,2.6,2.75,2.98,1.94,2.69,2.31,2.91,2.57,3.89,3.68
196508,1.37,3.47,4.37,4.47,6.12,1.13,1.85,2.97,3.91,3.82,4.92,4.33,4.6,5.02,6.86
196509,2.37,1.78,1.95,3.11,3.84,2.05,3.02,2.11,1.48,2.81,1.09,2.58,3.63,4.92,3.11
196510,4.87,4.55,4.84,6.57,7.76,5.76,3.1,4.19,4.87,4.73,4.96,6.98,6.15,6.1,8.89
196511,3.54,2.69,2.67,4.7,8.08,4.01,2.6,1.65,3.61,3.25,2.09,5.92,3.47,5.89,9.55
196512,2.78,3.48,4.25,4.57,5.29,3.41,1.51,3.26,3.67,4.12,4.38,4.67,4.46,4.86,5.58
196601,5.67,4.22,4.86,6.44,9.66,6.88,3.27,4.05,4.37,5.09,4.63,6.7,6.18,9.63,9.67
196602,2.07,0.28,2.26,3.39,5.96,2.95,0.32,-0.1,0.63,2.31,2.21,3.26,3.52,4.51,6.96
196603,0.58,-0.84,-1.91,-1.22,-0.24,1.49,-1.22,-0.82,-0.86,-1.55,-2.28,-1.15,-1.28,-1.83,0.86
196604,2.94,2.48,3.35,4.44,7.47,3.56,1.71,2.29,2.65,4.17,2.51,4.9,3.98,6.97,7.81
196605,-6.76,-5.94,-7.6,-9.21,-12.19,-7.22,-5.84,-6.49,-5.44,-7.71,-7.49,-8.38,-10.06,-10.42,-13.42
196606,-1.1,-0.95,-1.29,0.03,-0.26,-1.1,-1.11,-1.1,-0.83,-1.2,-1.38,-0.04,0.1,-0.42,-0.15
196607,-1.12,-1.15,-0.59,-1.88,-2.57,-1.43,-0.55,-0.92,-1.39,-0.29,-0.87,-1.83,-1.93,-1.98,-2.97
196608,-8.92,-9.14,-9.63,-10.06,-11.76,-9.38,-8.08,-9.71,-8.56,-9.53,-9.73,-9.06,-10.99,-10.92,-12.33
196609,-0.87,-0.85,-1.59,-1.98,-3.13,-1,-0.62,-1.24,-0.45,-2.08,-1.11,-2.2,-1.78,-3.04,-3.19
196610,-0.97,1.65,0.23,-0.44,-4.4,-2.49,1.8,1.41,1.89,0.82,-0.34,-0.01,-0.84,-1.82,-6.17
196611,2.75,1.46,3.22,3.88,6.61,3.26,1.82,1.4,1.52,3.65,2.8,3.03,4.67,5.44,7.41
196612,0.58,1.41,2.05,1.37,2.34,0.07,1.52,1.62,1.19,1.32,2.77,1.75,1.01,1.81,2.71
196701,13.58,13.74,14.74,17.56,23.59,14.6,11.7,14.12,13.35,14.7,14.79,16.36,18.7,21.13,25.29
196702,4.09,2.52,2.44,3.75,6.4,5.38,1.75,2.35,2.7,3.18,1.7,3.57,3.93,5.12,7.29
196703,5.46,5.08,5.39,7.04,6.18,5.84,4.77,5.08,5.08,5.47,5.32,7.1,6.99,5.94,6.34
196704,3.28,4.11,4.06,4.83,4.53,3.66,2.58,3.37,4.84,4.56,3.57,5.63,4.07,3.66,5.13
196705,-0.31,-0.78,-1.46,-0.71,-0.28,0.27,-1.4,-0.15,-1.41,-1.43,-1.49,-1.5,0.04,-1.38,0.48
196706,7.24,6.24,6.29,7.91,10.88,8.53,4.86,6.86,5.62,6.98,5.59,6.89,8.89,9.37,11.92
196707,7.19,7.28,7.69,9,10.87,7.75,6.45,6.78,7.76,7.24,8.15,8.5,9.43,10.82,10.9
196708,0.91,0.98,1.96,-0.23,0.27,0.49,1.47,1.08,0.88,2.26,1.65,-1.09,0.51,-0.01,0.46
196709,4.89,5.51,5.7,5.09,8.09,6.04,3.34,4.92,6.05,5.12,6.3,6.29,4.05,6.38,9.24
196710,-2.07,-2.38,-2.04,-3.05,-1.14,-2.22,-1.88,-2.53,-2.24,-3.1,-0.96,-3.4,-2.74,-0.76,-1.39
196711,0.86,-0.17,-0.31,0.39,-0.23,0.75,1.02,0.59,-0.86,-0.19,-0.43,0.8,0.04,-0.31,-0.18
196712,5.34,6.26,6.93,8.28,11.56,5.5,5.12,6.34,6.18,6.43,7.43,8.32,8.26,10.32,12.39
196801,3.28,2.51,1.61,1.19,4.2,4.1,2.19,2.82,2.23,2.79,0.39,1.45,0.97,3.28,4.82
196802,-3.15,-3.81,-5.27,-5.54,-8.21,-2.72,-3.72,-3.79,-3.83,-5.15,-5.4,-4.69,-6.28,-7.78,-8.5
196803,-1.18,-1.29,0.03,-1.08,-1.11,-1.05,-1.34,-0.5,-2.01,0.09,-0.03,-1.09,-1.07,-0.65,-1.42
196804,9.56,11.08,12.74,15.53,18.85,9.07,10.2,9.8,12.25,11.57,13.94,15.98,15.14,17.61,19.67
196805,7.26,7.4,8.66,10.12,12.46,7.91,6.4,7.74,7.1,9.74,7.56,10.16,10.09,12.03,12.74
196806,3.4,4.52,1.76,0.26,-0.5,3.35,3.48,5.97,3.21,2,1.53,0,0.49,-0.04,-0.81
196807,-0.88,-2.59,-2.7,-3.96,-2.51,-0.7,-1.07,-1.82,-3.34,-2.21,-3.12,-3.93,-3.99,-3.98,-1.65
196808,1.34,3.41,2.81,4.16,5.21,0.3,2.4,3.19,3.63,3.65,2.08,3.54,4.69,4.17,5.83
196809,3.75,6.51,7.05,7.43,8.38,2.71,4.82,5.4,7.57,6.61,7.44,7.37,7.49,6.83,9.3
196810,2.36,1.43,2.35,1.14,-0.74,1.85,2.88,0.72,2.12,2.64,2.1,1.31,0.99,0.42,-1.42
196811,7.44,6.74,6.51,6.77,8.16,8.29,6.58,5.58,7.88,6.47,6.54,6.29,7.18,7.97,8.28
196812,-0.97,0.51,1.33,-0.64,1.79,-0.76,-1.19,0.34,0.66,1.61,1.08,-0.26,-0.96,0.91,2.3
196901,0.65,-0.96,-0.7,-1.17,0.24,1.06,0.23,-0.94,-0.99,-0.38,-0.98,-1.77,-0.68,0.32,0.2
196902,-5.98,-6.52,-7.16,-8.02,-11.63,-5.49,-6.48,-5.65,-7.37,-6.92,-7.36,-7.06,-8.81,-10.94,-12.03
196903,0.73,1.41,2.69,1.89,2.42,0.77,0.69,0.91,1.91,1.82,3.44,1.35,2.34,2.32,2.47
196904,0.07,0.97,1.1,-0.59,0.82,-0.55,0.73,1.49,0.45,1.33,0.9,-0.65,-0.54,0.49,1.01
196905,0.55,1.3,1.31,-0.93,0.78,0.61,0.48,0.81,1.8,1.86,0.84,-0.89,-0.96,1.61,0.31
196906,-7.11,-9.12,-10.83,-11.16,-14.76,-7.04,-7.19,-9.39,-8.84,-10.52,-11.09,-10.49,-11.73,-13.62,-15.42
196907,-5.93,-7.69,-8.71,-10.27,-11.81,-5.71,-6.14,-7.93,-7.41,-7.4,-9.92,-9.5,-11.09,-10.94,-12.36
196908,1.59,5.47,4.26,5.55,6.33,1.05,2.12,5.6,5.32,4.17,4.34,6.17,4.89,6.87,5.99
196909,-2.23,-1.34,-1.62,-3.16,-3.61,-2.08,-2.37,-1.61,-1.02,-1.43,-1.79,-3.23,-3.08,-2.64,-4.22
196910,5.27,6.68,7.57,9.7,11.91,4.9,5.64,6.84,6.49,8.29,6.91,9.09,10.35,10.42,12.83
196911,-4.47,-3.66,-4.54,-5.64,-7.6,-5.01,-3.94,-3.91,-3.35,-4.14,-4.92,-4.97,-6.36,-7.26,-7.82
196912,-3.97,-4.84,-5.35,-7.59,-9.59,-3.35,-4.59,-4.8,-4.88,-3.94,-6.64,-7.96,-7.2,-7.65,-10.79
197001,-2.49,-3.73,-4.32,-4.2,-4,-1.87,-3.12,-3.52,-3.98,-3.72,-4.86,-3.46,-4.98,-3.78,-4.14
197002,5.29,4.56,3.87,4.85,4.04,5.23,5.35,4.08,5.14,3.55,4.16,5.26,4.42,3.97,4.09
197003,1.56,-0.67,-0.25,-2.15,-4.42,2.11,1,-0.31,-1.12,0.06,-0.53,-2.41,-1.87,-3.04,-5.27
197004,-9.39,-11.8,-13.2,-16.36,-21.2,-8.9,-9.89,-11.74,-11.87,-12.6,-13.76,-15.59,-17.18,-18.71,-22.76
197005,-5.83,-7.91,-10.06,-10.39,-8.98,-5.07,-6.6,-7.58,-8.32,-10.36,-9.79,-9.62,-11.2,-9.25,-8.81
197006,-3.31,-5.75,-5.67,-8.51,-11.1,-2.65,-3.96,-5.28,-6.34,-5.81,-5.54,-8.62,-8.4,-8.91,-12.46
197007,5.69,5.85,7.49,6.53,5.21,5.99,5.41,5.42,6.32,8.45,6.68,5.99,7.02,4.8,5.48
197008,3.7,4.48,5.45,7.57,8.46,4.11,3.3,3.85,5.19,4.58,6.17,7.21,7.91,8.71,8.3
197009,3.55,6.34,9.7,12.99,20.85,2.28,4.77,5.5,7.27,8.35,10.83,12.03,13.87,17.35,23.18
197010,-0.69,-2.54,-3.86,-6.8,-11.27,-0.46,-0.91,-2.06,-3.06,-3.53,-4.14,-5.91,-7.61,-8.93,-12.84
197011,4.3,1.99,2.43,0.34,-2.81,5.58,3.07,1.46,2.57,3.28,1.72,1.22,-0.46,-1.99,-3.35
197012,6.62,7.9,9.22,9.09,7.75,5.92,7.3,7.55,8.28,9.87,8.67,8.48,9.64,10.16,6.11
197101,5.82,9.12,12.04,15.53,19.11,4.66,6.95,8.56,9.74,10.31,13.47,15.07,15.94,17.41,20.26
197102,1.86,3.32,3.58,4.63,5.87,1.12,2.57,2.91,3.77,3.32,3.79,4.59,4.67,4.66,6.7
197103,2.54,5.21,5.81,5.66,6.43,1.81,3.24,6.23,4.1,4.64,6.77,4.98,6.27,6.67,6.27
197104,0.23,3.92,3.79,2.8,2.86,-0.88,1.3,3.65,4.21,3.81,3.76,2.21,3.34,3.87,2.17
197105,-3.85,-3.74,-3.62,-5.85,-7.15,-4.02,-3.68,-3.92,-3.54,-3.89,-3.4,-6.08,-5.63,-7,-7.25
197106,0.63,-0.6,-1.16,-2.48,-3.72,0.87,0.39,-0.32,-0.9,-0.91,-1.37,-3.2,-1.79,-3.7,-3.74
197107,-1.76,-3.13,-4.47,-5.8,-8.42,-1.52,-1.98,-3.25,-3.01,-4.45,-4.48,-5.49,-6.09,-6.75,-9.78
197108,0.58,3.89,4.58,5.72,4.78,-0.04,1.14,4.53,3.3,4.56,4.6,5.88,5.57,5.05,4.56
197109,-1.49,-1.07,-0.45,-0.49,-1.42,-1.13,-1.81,-0.92,-1.21,-0.98,0.06,-0.07,-0.9,0.15,-2.71
197110,-2.22,-4.85,-6.4,-5.91,-7.61,-1.02,-3.33,-3.86,-5.78,-6.25,-6.54,-6.34,-5.49,-7.17,-7.98
197111,-0.89,-1.75,-2.94,-3.4,-4.96,-0.75,-1.01,-1.88,-1.62,-2.91,-2.98,-2.82,-3.95,-5.02,-4.92
197112,8.4,10.45,11.13,11.82,13.94,7.74,9.01,10.35,10.53,10.38,11.85,10.97,12.63,13.72,14.11
197201,3.19,6.51,8.09,11.67,16.16,2.11,4.18,5.29,7.66,7.46,8.71,11.11,12.19,13.52,18.33
197202,0.84,3.7,4.21,4.64,5.12,0.12,1.5,3.65,3.74,4.56,3.86,4.5,4.78,5.71,4.63
197203,-0.15,0.59,-0.04,-0.93,-0.24,-0.61,0.27,0.97,0.24,-0.04,-0.05,-0.5,-1.32,0.21,-0.61
197204,-1.34,0.1,1.09,0.46,0.05,-1.52,-1.18,0.61,-0.39,1.11,1.06,0.53,0.4,1.09,-0.81
197205,0.11,-0.71,-1.91,-2.4,-3.16,-0.13,0.32,0.22,-1.6,-1.97,-1.85,-2.57,-2.24,-2.79,-3.48
197206,-1.48,-2.53,-3.01,-3.83,-4.62,-1.43,-1.52,-2.52,-2.54,-3.62,-2.43,-2.93,-4.69,-4.49,-4.74
197207,-0.19,-1.59,-2.01,-3.48,-4.75,0.13,-0.5,-1.31,-1.85,-1.44,-2.53,-3.17,-3.72,-4.45,-4.99
197208,3.94,3.46,2.38,0.96,-0.73,4.3,3.58,3.09,3.8,2.24,2.51,2.13,0.02,0.64,-1.85
197209,-0.43,-2.58,-3.12,-3.28,-4.34,0.18,-1.03,-2.34,-2.8,-2.92,-3.31,-2.8,-3.66,-4.19,-4.46
197210,2.56,0.07,-1.27,-2.21,-3.01,3.57,1.57,0.21,-0.05,-0.79,-1.7,-1.85,-2.51,-3.41,-2.68
197211,5.93,6.51,4.95,5.97,4.37,5.81,6.04,6.41,6.61,5.89,4.09,6.57,5.48,4.29,4.43
197212,-0.41,-0.03,-1.48,-2.9,-3.82,-0.86,0.04,-0.79,0.66,-1.31,-1.64,-1.55,-4,-2.73,-4.7
197301,-2.57,-3.21,-4.09,-3.59,-4.33,-2.12,-3,-1.39,-4.89,-4.02,-4.15,-4.05,-3.21,-4.31,-4.34
197302,-2.91,-4.78,-5.94,-8.13,-9.47,-2.52,-3.28,-3.66,-5.81,-6.36,-5.55,-8.39,-7.92,-8.57,-10.2
197303,-1.11,-1.85,-2.59,-2.25,-3.55,-1.32,-0.9,-1.37,-2.3,-2.78,-2.41,-2.2,-2.29,-4.06,-3.14
197304,-2.14,-5.2,-6.03,-7.15,-9.9,-0.77,-3.49,-4.95,-5.43,-5.2,-6.8,-6.94,-7.31,-8.83,-10.78
197305,-2.01,-5.11,-7.05,-9.12,-11.39,-0.43,-3.55,-4.64,-5.54,-6.37,-7.69,-8.69,-9.47,-11.3,-11.47
197306,-0.5,-1.63,-3.57,-2.87,-4.46,-0.65,-0.34,-2.58,-0.74,-2.92,-4.16,-2.45,-3.22,-3.7,-5.09
197307,2.36,7.16,11.59,13.16,18.89,0.38,4.33,7.37,6.98,11.31,11.84,11.94,14.24,16.35,20.81
197308,-1.92,-2.32,-4.16,-5.26,-6.98,-1.89,-1.94,-1.53,-3.01,-4.24,-4.09,-4.51,-5.92,-6.44,-7.38
197309,6.25,8.41,10.3,9.45,9.5,5.41,7.09,7.32,9.38,10.85,9.8,9.09,9.76,7.69,10.88
197310,-0.52,1.37,1.16,0.67,-1.1,-0.65,-0.39,2.55,0.32,1.05,1.26,0.88,0.49,-1.17,-1.05
197311,-9.82,-14.22,-18.76,-18.99,-22.94,-9.1,-10.54,-13.16,-15.17,-18.21,-19.26,-18.68,-19.27,-21.55,-24.01
197312,1.73,-0.06,-2.15,-4.82,-6.43,2.62,0.84,1.99,-1.89,-2.74,-1.61,-4.47,-5.13,-6.73,-6.21
197401,5.58,11.13,12.81,16.43,20.59,4.46,6.69,8.7,13.28,12.53,13.07,16.33,16.52,19.97,21.06
197402,0.41,0.73,2.01,0.02,-0.48,0.54,0.29,1.67,-0.11,2.39,1.66,1.13,-0.98,0.16,-0.98
197403,-2.09,-0.72,0.32,0.78,0.56,-2.26,-1.92,-1.5,-0.02,-0.38,0.96,1.01,0.58,0.31,0.75
197404,-7.02,-4.38,-5.01,-5.4,-5.7,-8.5,-5.55,-5.27,-3.59,-4.94,-5.07,-4.45,-6.25,-5.35,-5.97
197405,-6.04,-6.12,-6.93,-7.83,-8.48,-6.4,-5.67,-6.46,-5.81,-6.78,-7.06,-7.6,-8.03,-7.66,-9.11
197406,-2.44,-1.79,-2.68,-2.29,-2.99,-3.26,-1.6,-1.98,-1.61,-2.52,-2.82,-2.47,-2.13,-2.44,-3.41
197407,-2.23,-3.47,-4.29,-4.67,-5.87,-2.1,-2.37,-2.44,-4.32,-4.22,-4.36,-4.3,-5.04,-5.14,-6.44
197408,-8.5,-8.19,-8.07,-8.09,-7.9,-8.06,-8.95,-8.4,-8.01,-7.94,-8.2,-7.58,-8.57,-8.11,-7.73
197409,-5.94,-7.52,-7.76,-8.46,-9.77,-5.17,-6.74,-8.51,-6.7,-8.61,-6.93,-9,-7.94,-8.87,-10.48
197410,14.07,12.17,12.52,9.72,8.6,12.79,15.39,13.57,11.02,10.52,14.46,9.38,10.04,8.14,8.95
197411,-2,-2.99,-5.67,-5.52,-6.43,-1.43,-2.59,-3.02,-2.96,-5.27,-6.06,-5.17,-5.85,-6.2,-6.61
197412,-4.02,-3.93,-6.64,-8.71,-11.06,-4.49,-3.53,-3.55,-4.25,-6.17,-7.08,-8.43,-8.97,-9.8,-12.05
197501,20.1,22,27.17,33.94,44.07,20.39,19.8,19.58,24.03,26.48,27.82,31.36,36.44,40.83,46.59
197502,3.3,4.75,3.89,4.62,6.15,3.38,3.23,5.43,4.18,3.76,4.01,3.57,5.65,4.98,7.06
197503,1.51,5.43,7.21,11.24,14.35,0.38,2.69,4.13,6.53,6.46,7.92,10.31,12.13,11.36,16.67
197504,2,4.04,3.42,2.66,3.29,0.67,3.39,3.13,4.81,2.96,3.86,2.22,3.09,3.86,2.84
197505,5.65,5.65,6.12,8.25,8.01,6.27,5.01,5.1,6.11,6.05,6.18,7.81,8.68,7.53,8.38
197506,6.74,7.04,7.17,8.66,10.99,6.49,7,6.92,7.13,7.44,6.91,6.87,10.4,11.37,10.69
197507,-0.24,-0.76,-0.97,-0.97,-1.64,0.5,-1.43,-1.02,-0.49,-0.24,-1.74,-0.96,-0.98,-1,-2.11
197508,-2.39,-3.41,-4.89,-5.59,-7.16,-2.37,-2.43,-3.48,-3.34,-4.65,-5.13,-5,-6.11,-6.5,-7.64
197509,-2.04,-2.97,-3.32,-3.96,-5.32,-2.08,-1.97,-2.97,-2.97,-2.72,-3.94,-4.49,-3.51,-4.78,-5.71
197510,1.53,2.13,2.5,1.62,1.6,1.16,2.12,1.88,2.39,1.91,3.12,1.88,1.39,1.17,1.91
197511,1.49,2.65,2.61,2.75,1.42,0.75,2.69,2.43,2.87,3.05,2.16,3.3,2.28,2.03,0.98
197512,0.43,-1.09,-0.53,-0.96,-0.56,1.01,-0.51,-1.15,-1.02,-1.04,0.02,-1.6,-0.42,-1.34,0.02
197601,11.33,15.9,18.98,20.98,25.71,10.05,13.36,15.53,16.3,17.57,20.48,20.08,21.76,24.46,26.65
197602,6.16,8.24,11.16,13.32,16.94,6.28,5.99,7.45,9.08,11.45,10.84,12.02,14.44,17.31,16.67
197603,2.05,2.1,1.5,2.09,2.41,1.48,2.94,2.72,1.43,1.33,1.68,2.06,2.13,0.53,3.8
197604,1.11,0.32,-0.01,-1.5,-2.33,1.41,0.64,0.33,0.3,0.33,-0.37,-1.44,-1.56,-2.28,-2.36
197605,0.02,-1.53,-0.99,-2.03,-4.45,0.38,-0.55,-1.3,-1.78,-1.2,-0.76,-1.39,-2.58,-4.08,-4.72
197606,2.32,2.81,3.09,2.45,3.95,2.07,2.71,2.79,2.84,2.99,3.2,2.15,2.71,4.08,3.86
197607,1.09,0.8,0.8,0.69,-1.38,0.88,1.41,0.67,0.93,1.11,0.55,0.81,0.58,-0.63,-1.91
197608,0.48,-1.07,-1.06,-1.85,-3.16,0.31,0.74,-0.77,-1.36,-1.13,-1.01,-1.37,-2.31,-2.5,-3.62
197609,2.13,1.55,1.64,1.75,1.09,2.13,2.13,2.25,0.87,1.42,1.81,1.84,1.66,1.12,1.08
197610,-0.19,-1.6,-2.12,-2.18,-4,-0.29,-0.05,-1.72,-1.49,-1.53,-2.61,-1.67,-2.66,-2.71,-4.91
197611,1.97,1.46,3.3,3.1,3.29,1.96,1.99,1.22,1.69,3.68,2.99,2.65,3.54,2.67,3.72
197612,7.08,7.84,9.61,10.56,12.72,6.39,8.07,7.84,7.85,8.78,10.28,9.83,11.25,12.22,13.07
197701,2.95,1.62,3.09,3.5,4.74,3.15,2.67,1.22,2,2.01,3.97,3.31,3.68,4.8,4.71
197702,0.79,0.2,0.27,-0.01,-0.06,0.56,1.11,0.6,-0.19,0.37,0.2,0.41,-0.42,0.61,-0.54
197703,0.87,1.48,1.28,0.94,0.68,1.1,0.55,1.16,1.79,1.74,0.9,0.69,1.18,0.51,0.81
197704,1.2,1.64,2.92,1.87,1.23,1.57,0.67,1.11,2.15,2.52,3.24,1.69,2.05,2.18,0.55
197705,0.53,0.13,0.41,0.67,0.32,0.63,0.4,-0.26,0.5,0.17,0.61,1.16,0.2,1.3,-0.37
197706,3.67,4.07,5.49,6.14,7.22,3.83,3.45,3.85,4.28,5.12,5.8,5.35,6.91,8.04,6.63
197707,1.06,0.64,0.39,1.14,1.76,0.8,1.47,0.6,0.68,1,-0.22,0.64,1.63,1.22,2.15
197708,-0.05,-1.04,0.05,-0.72,-0.55,-0.29,0.32,-1.41,-0.69,0.05,0.05,-1.38,-0.06,-0.24,-0.78
197709,1.53,0.73,1.13,1.32,1.39,1.61,1.4,0.85,0.63,1.08,1.19,1.57,1.06,1.03,1.66
197710,-1,-2.33,-2.31,-2.85,-3.06,-1.1,-0.84,-2.37,-2.3,-2.08,-2.53,-2.84,-2.87,-3.32,-2.87
197711,4.44,6.17,7.3,9.13,9.22,4.08,4.99,5.9,6.42,7.54,7.06,8.66,9.6,9.82,8.78
197712,1.76,1.54,1.97,2.26,2.17,2.14,1.18,1.49,1.6,2.57,1.37,2.05,2.47,1.78,2.46
197801,-1.01,-2.03,-1.88,-2.1,-0.17,-0.77,-1.37,-1.96,-2.09,-1.78,-1.97,-2.66,-1.54,-0.16,-0.18
197802,1.84,1.51,2.64,2.83,3.28,1.61,2.18,1.55,1.47,3.08,2.21,2.33,3.32,3.44,3.16
197803,4.25,4.86,6.24,7.52,9.86,4.37,4.06,4.33,5.35,6.23,6.24,7.21,7.83,10.24,9.58
197804,5.29,7.08,8.46,9.13,10.37,5.02,5.69,6.33,7.78,9.57,7.37,8.47,9.77,10.9,9.99
197805,4.53,5.23,6.36,7.2,9.46,4.19,5.05,4.32,6.08,5.99,6.74,6.96,7.43,9.48,9.45
197806,1.31,0.47,0.72,0.63,0.83,1.99,0.26,-0.01,0.91,0.65,0.78,0.86,0.39,1.49,0.37
197807,3.8,4.77,4.71,6.1,6.65,3.72,3.92,4.33,5.2,4.39,5.02,5.75,6.48,6.71,6.62
197808,6.3,6.28,8.34,9.44,14.02,6.65,5.73,6.9,5.68,8.06,8.61,9.7,9.17,11.49,15.62
197809,1.14,0.77,0.25,-0.57,0.3,1.38,0.75,0.42,1.09,1.09,-0.57,-0.64,-0.49,-0.32,0.69
197810,-11.45,-14.68,-17.87,-21,-25.37,-10.87,-12.36,-14.05,-15.29,-17.85,-17.88,-20.17,-21.9,-22.9,-26.94
197811,1.95,2.28,4.11,6.17,7.19,1.84,2.13,1.83,2.72,4.39,3.84,5.74,6.65,6.55,7.59
197812,1.02,1.27,1.53,1.84,1.48,0.88,1.24,0.83,1.69,1.84,1.22,1.62,2.09,1.74,1.32
197901,7.73,8.21,9.26,10.77,10.86,7.37,8.33,8.56,7.87,8.83,9.7,10.26,11.33,10.7,10.97
197902,-0.72,-0.86,-2.27,-2.59,-3.8,-0.86,-0.49,-1,-0.72,-2.17,-2.36,-2.6,-2.58,-3.49,-4
197903,5.29,7.44,8.22,10.11,10.06,5.42,5.07,6.96,7.9,7.78,8.65,10.84,9.32,9.32,10.54
197904,2.34,1.83,2.67,3.26,3.12,2.49,2.08,1.99,1.68,3.09,2.24,3.49,3,3.59,2.83
197905,0.21,-0.4,-1.08,-1.63,-1.35,0.65,-0.49,-0.28,-0.51,-1.28,-0.88,-1.81,-1.43,-2.44,-0.65
197906,4.71,5.21,5.21,6.27,5.32,4.22,5.5,5.34,5.1,5.5,4.91,5.67,6.95,5.03,5.52
197907,2.18,3.29,1.84,2.12,1.81,1.93,2.59,3.54,3,2.25,1.5,1.99,2.25,2.56,1.36
197908,5.65,7.01,8.05,8.63,9,5.28,6.24,6.35,7.78,8.24,7.89,8.74,8.52,9.44,8.73
197909,0.08,0.09,0.42,-0.96,-0.89,-0.08,0.34,0.04,0.16,0.98,-0.04,-0.64,-1.28,-1.09,-0.77
197910,-7.19,-8.9,-9.62,-10.78,-11.77,-6.68,-8.01,-8.95,-8.85,-9.73,-9.53,-10.81,-10.75,-11.38,-12.01
197911,5.03,5.8,6.52,7.32,8.16,4.8,5.41,5.29,6.39,6.09,6.89,7.11,7.53,7.07,8.82
197912,3.67,4.79,5.85,7.44,8.35,3.26,4.34,4.39,5.25,5.68,5.98,6.69,8.16,7.65,8.77
198001,6.93,8.23,9.01,8.81,12.63,7.06,6.72,8.34,8.11,8.72,9.25,9.2,8.42,9.02,14.79
198002,-1.27,-2.04,-2.01,-1.58,-0.45,-0.92,-1.86,-1.35,-2.84,-1.92,-2.09,-1.63,-1.52,-0.85,-0.22
198003,-11.75,-14.09,-15.19,-16.97,-20.14,-11.25,-12.56,-14.44,-13.68,-14.92,-15.41,-15.93,-17.99,-18.6,-21.06
198004,5.82,5.03,5.19,5.31,5.84,5.36,6.57,5.85,4.08,5.16,5.21,4.68,5.93,5.89,5.8
198005,5.86,7.6,7.6,7.66,8.23,5.67,6.18,6.96,8.34,7.05,8.05,6.95,8.36,8.06,8.33
198006,4.46,4.11,3.73,4.38,4.13,4.72,4.05,3.64,4.65,4.6,3.01,4.35,4.41,3.74,4.36
198007,5.19,7.08,9.39,9.83,12.85,3.66,6.78,6.36,7.78,8.9,9.86,9.45,10.2,12.88,12.83
198008,2.61,4.72,5.55,7.68,9.82,1.64,3.63,4.64,4.79,5.56,5.54,7.15,8.18,9.32,10.14
198009,2.95,3.2,5.12,3.63,5.57,3.42,2.45,3.09,3.3,4.97,5.26,4.63,2.68,4.97,5.96
198010,2.13,1.78,2.39,4.57,4.26,2.77,1.47,1.9,1.67,2.54,2.26,3.81,5.28,3.98,4.45
198011,2.68,5.15,5.71,6.53,8.53,1.46,3.96,3.95,6.33,5.23,6.15,5.68,7.33,8.34,8.65
198012,-0.11,-1.75,-2.59,-4.38,-4.77,0.21,-0.44,-0.48,-3.01,-2.33,-2.84,-4.17,-4.59,-4.25,-5.11
198101,2.45,1.04,1.05,-0.03,0,2.79,2.09,1.47,0.62,0.11,1.91,-0.4,0.32,-0.39,0.26
198102,1.5,2.75,1.46,1.02,-0.66,1.03,2,2.17,3.32,1.58,1.35,1.68,0.39,-0.17,-0.99
198103,4.83,6.8,7.6,9.33,9.33,4.6,5.07,6.42,7.17,7.59,7.61,9.37,9.3,8.83,9.66
198104,2.46,2.66,3.24,3.04,3.78,2.69,2.22,3.05,2.27,2.6,3.83,2.66,3.39,3.23,4.15
198105,1.77,2.48,2.59,2.6,4.16,1.71,1.84,2.9,2.07,3.02,2.19,2.3,2.89,3.77,4.42
198106,1.87,1.18,-0.07,-0.57,-2.06,2.25,1.47,1.87,0.51,0.01,-0.14,-0.27,-0.86,-1.55,-2.4
198107,-0.56,-2.21,-2.98,-1.4,-2.42,0.58,-1.55,-2.55,-1.86,-2.72,-3.31,-1.12,-1.65,-1.64,-2.84
198108,-2.97,-5.08,-6.25,-7.56,-10.54,-1.87,-3.9,-3.58,-6.66,-5.46,-7.22,-6.51,-8.51,-9.3,-11.21
198109,-4.46,-5.94,-6.81,-9.27,-10.65,-3.92,-4.92,-5.34,-6.56,-6.74,-6.89,-9.02,-9.5,-9.6,-11.22
198110,5.48,5,6.23,7.94,8.94,5.19,5.73,4.94,5.06,6.16,6.33,6.47,9.26,7.75,9.59
198111,4.27,3.58,3.1,2.78,-0.03,4.59,3.99,3.35,3.82,3.3,2.86,3.27,2.34,0.68,-0.42
198112,-0.95,-0.57,-1.58,-2.38,-3.69,-0.8,-1.08,-0.61,-0.52,-1.98,-1.09,-2.8,-2,-2.89,-4.12
198201,0.41,-1.55,-2.06,-3.4,-1.65,1.32,-0.35,-1.46,-1.64,-1.56,-2.67,-3.17,-3.61,-2.19,-1.35
198202,-0.41,-1.76,-3.26,-5.05,-6.05,0.53,-1.2,-1.46,-2.07,-3.45,-3.02,-5.1,-4.99,-5.27,-6.48
198203,1.13,-0.02,0.3,-1.38,-2.81,1.46,0.86,0.78,-0.85,-0.51,1.3,0.34,-2.93,-1.13,-3.72
198204,4.16,4.54,4.7,4.59,7.46,4.22,4.11,4,5.11,4.84,4.51,4.11,5.03,6.58,7.94
198205,-0.93,-1.99,-1.65,-2.84,-3.09,-0.57,-1.23,-1.49,-2.51,-2.14,-1.03,-2.62,-3.04,-3.12,-3.07
198206,-1.38,-1.25,-1.74,-2.93,-4.05,-0.92,-1.76,-1.63,-0.86,-2.3,-1.05,-2.5,-3.32,-2.67,-4.79
198207,-0.73,0.11,-1.07,-1.49,-2.78,-0.54,-0.87,-0.05,0.28,-0.83,-1.34,-1.92,-1.05,-1.72,-3.33
198208,5.35,6.41,7.1,7.87,7.95,6.19,4.73,6.52,6.28,6.14,8.19,8.01,7.73,7.8,8.03
198209,4.31,4.9,4.43,4.16,0.5,2.8,5.42,4.62,5.21,4.76,4.06,4.3,4.02,1.7,-0.14
198210,9.28,11.49,12.39,13.95,15.42,6.44,11.4,11.37,11.63,11.41,13.5,12.65,15.25,15.72,15.25
198211,6.9,9.01,9.88,10.32,9.55,5.88,7.67,8.37,9.72,9.59,10.2,10.82,9.82,11.39,8.58
198212,1.92,1.85,1.48,1.87,1.93,2.51,1.49,1.85,1.85,1.67,1.27,3.59,0.17,2.74,1.49
198301,5.43,5.9,7.01,10.62,15.43,6,5,5.88,5.92,6.4,7.71,9.14,12.08,11.89,17.34
198302,5.86,5.78,7.17,7.29,4.12,5.15,6.39,5.84,5.7,7.16,7.18,7.02,7.55,5.44,3.41
198303,4.99,6.67,5.15,5.71,4.71,3.13,6.36,6.92,6.4,5.91,4.27,6.08,5.35,5.01,4.55
198304,7.43,8.65,8.21,7.73,7.74,7.1,7.67,9.25,7.99,7.4,9.12,7.37,8.08,7.4,7.92
198305,4.37,5.39,7.35,9.31,12.21,3.81,4.79,4.51,6.37,7.17,7.55,8.66,9.94,10.52,13.13
198306,2.86,3.7,4.49,4.89,5.54,1.6,3.79,3.38,4.04,4.59,4.38,4.77,5.01,6.63,4.95
198307,0.82,-0.27,-0.95,-2.13,-3.36,1.54,0.23,-0.29,-0.23,-0.51,-1.36,-1.9,-2.36,-2.49,-3.82
198308,-0.45,-1.95,-2.8,-2.89,-4.73,-0.57,-0.36,-1.76,-2.17,-3.47,-2.16,-2.54,-3.24,-3.98,-5.13
198309,2.1,2.57,1.53,0.12,-1.31,2.05,2.13,2.19,3.02,1.59,1.46,0.26,-0.03,0.18,-2.11
198310,-0.6,-2.53,-4.13,-5.27,-9.32,-0.51,-0.67,-1.93,-3.24,-3.66,-4.57,-4.04,-6.49,-7.87,-10.09
198311,1.13,3.38,4.12,4.14,3.94,0.05,2.01,2.88,3.98,3.59,4.62,4.01,4.28,3.81,4.01
198312,-1.34,-0.45,-0.36,-2.02,-3.26,-2.29,-0.56,-0.21,-0.73,-0.6,-0.13,-1.18,-2.86,-1.87,-3.99
198401,2.1,1.05,-0.28,1.14,-0.36,2.31,1.92,1.07,1.03,-0.72,0.14,0.8,1.48,-1.22,0.1
198402,-2.83,-4.7,-5.53,-6.32,-6.06,-2.9,-2.77,-4.28,-5.18,-5.25,-5.79,-6.56,-6.07,-5.42,-6.41
198403,1.06,1.65,1.97,1.21,0.13,1.34,0.81,1.65,1.65,1.63,2.3,1.17,1.26,0.46,-0.05
198404,-0.84,-0.06,-0.32,-2,-3.44,-1.87,0.02,-0.11,-0.01,0.02,-0.64,-1.77,-2.22,-2.38,-4
198405,-1.52,-3.86,-4.51,-5.35,-7.01,-0.41,-2.46,-4.4,-3.24,-4.16,-4.84,-4.99,-5.71,-5.71,-7.71
198406,1.79,3.12,2.26,1.57,1.41,1.25,2.24,2.25,4.15,1.22,3.24,1.83,1.3,1.56,1.33
198407,-1.79,-2.01,-3.21,-4.47,-7.72,-1.95,-1.67,-1.39,-2.61,-1.86,-4.66,-3.76,-5.09,-5.61,-8.74
198408,4.97,7.65,8.92,10.3,11.85,4.32,5.48,6.69,8.57,8.36,9.53,10.32,10.29,10.99,12.27
198409,2.46,1.88,-0.16,-0.89,-1.61,2.91,2.11,2.61,1.16,0.02,-0.35,-0.68,-1.08,-0.75,-2.03
198410,0.69,-0.11,-1.46,-3.18,-4.67,0.8,0.6,0.51,-0.73,-1.35,-1.59,-3.79,-2.66,-4.07,-4.97
198411,-0.42,-0.97,-2.05,-3.35,-5.95,0.93,-1.46,-0.79,-1.14,-1.92,-2.19,-3.24,-3.46,-4.88,-6.48
198412,1.2,1.42,1.37,1.07,-0.12,2.04,0.55,1.29,1.55,1.35,1.39,1.47,0.72,0.09,-0.22
198501,5.89,8.99,10.71,11.57,16.19,4.12,7.28,8.65,9.33,9.93,11.57,10.78,12.25,14.28,17.13
198502,3.47,3.65,4.14,4.04,4.89,3.35,3.55,4.6,2.74,3.99,4.31,4.71,3.46,3.74,5.46
198503,2.12,0.18,-1.76,-1.66,-2.34,2.67,1.69,0.54,-0.16,-1.16,-2.41,-1.3,-1.98,-1.8,-2.61
198504,0.88,0.55,-1.17,-1.22,-3.11,0.61,1.1,0.36,0.74,-0.18,-2.25,-1.58,-0.9,-2.19,-3.57
198505,3.92,3.61,2.24,3.21,1.84,3.8,4.02,4.51,2.74,1.93,2.59,2.99,3.39,1.08,2.21
198506,1.87,1.98,0.95,-0.08,-0.9,2.4,1.47,1.49,2.47,1.04,0.86,-0.39,0.19,-0.21,-1.25
198507,0.35,1.96,1.64,1.71,2.19,-0.37,1.04,2.64,1.24,2.06,1.2,1.42,1.98,2.91,1.8
198508,1.06,0.11,-0.69,-1.36,-1.39,1.54,0.6,0.9,-0.71,-0.41,-0.97,-1.66,-1.09,-0.36,-1.94
198509,-2.54,-3.22,-4.22,-6.05,-8.23,-2.82,-2.27,-3.38,-3.04,-4.4,-4.02,-5.42,-6.62,-6.82,-8.98
198510,2.24,3.48,3.45,2.78,0.94,2.24,2.23,2.94,4.06,3.3,3.6,3.47,2.15,0.64,1.1
198511,4.78,5.62,5.51,5.07,6.6,4.82,4.74,5.74,5.48,5.9,5.12,5.78,4.42,6.53,6.64
198512,2.91,3.16,2.14,2.74,3.12,2.81,3,3.1,3.22,2.03,2.26,3.37,2.15,3.11,3.12
198601,3.04,3.03,2.96,1.93,5.14,2.81,3.26,3.55,2.48,2.21,3.75,1.9,1.96,3.03,6.29
198602,5.05,6.6,6.54,5.9,7.17,5.39,4.72,6.23,7,7.13,5.93,6.11,5.71,5.75,7.95
198603,4.72,5.2,5.13,5.48,4.18,5.43,4.03,5.24,5.17,4.95,5.3,6.19,4.82,4.96,3.75
198604,0.76,2.16,0.34,0.76,1.42,0.5,1,1.76,2.58,0.56,0.12,1.81,-0.22,0.63,1.85
198605,4.18,4.27,3.67,4.89,3.26,4.43,3.95,4.22,4.32,3.91,3.42,5.8,4.03,3.2,3.29
198606,3.83,1.55,1.44,-0.94,-0.8,3.35,4.29,2.59,0.46,0.93,1.96,-1.33,-0.58,-0.29,-1.09
198607,-4.12,-6.93,-7.77,-8.87,-9.34,-3.6,-4.92,-5.72,-8.18,-7.66,-7.88,-8.28,-9.39,-8.81,-9.64
198608,2.55,3.23,3.71,2.33,1.63,2.13,3.2,3.08,3.38,3.33,4.14,2.31,2.34,1.36,1.78
198609,-5.54,-5.38,-5.18,-5.32,-8.14,-5.4,-5.77,-4.13,-6.67,-5.1,-5.27,-4.96,-5.64,-7.4,-8.55
198610,2.05,3.65,2.47,2.29,3.25,0.57,4.31,3.18,4.13,2.71,2.21,1.84,2.68,3.78,2.96
198611,-0.63,-0.52,-0.2,0.51,-0.7,-1.29,0.38,0.19,-1.26,0.12,-0.57,0.33,0.67,-0.29,-0.93
198612,-3.27,-2.81,-3.09,-3.18,-4.24,-3.86,-2.35,-2.63,-3,-3.67,-2.41,-3.19,-3.18,-4.34,-4.19
198701,10.58,11.35,11.84,11.9,13.27,10.5,10.71,10.32,12.42,12.88,10.65,11.47,12.28,11.63,14.21
198702,5.25,6.08,6.03,8.71,10.14,4.88,5.81,6.21,5.94,6.18,5.85,9.15,8.32,9.04,10.76
198703,3.85,4.41,2.52,2.48,2.6,3.8,3.94,5.28,3.5,3.35,1.56,2.96,2.05,1.64,3.15
198704,-1.19,-1.46,-1.36,-1.6,-3.01,-1.29,-1.03,-1.41,-1.52,-1.88,-0.77,-1.41,-1.76,-2.73,-3.18
198705,0.57,-0.34,0.93,0.7,0.4,0.31,0.96,0.85,-1.6,1.24,0.57,1.34,0.14,1.21,-0.06
198706,3.08,3.4,4.31,3.69,0.83,3.02,3.17,3.16,3.65,4.31,4.31,2.93,4.36,1.69,0.35
198707,4.01,5.37,3.36,5.2,3.14,4.24,3.66,4.82,5.96,3.15,3.55,3.9,6.18,4.18,2.54
198708,1.3,2.71,1.41,1.64,2.03,0.87,1.95,3.04,2.36,2.12,0.77,1.16,2,2.57,1.72
198709,-1.28,-0.71,-1.59,-0.81,-2.08,-1.5,-0.95,-0.85,-0.56,-1.44,-1.72,-0.93,-0.72,-2.44,-1.87
198710,-19.92,-25.29,-27.36,-29.9,-32.49,-19.38,-20.74,-24.77,-25.85,-27.59,-27.16,-29.68,-30.06,-30.11,-33.87
198711,-3.33,-3.99,-4.97,-5.33,-7.01,-3.28,-3.4,-3.55,-4.46,-5.34,-4.63,-5.24,-5.39,-4.82,-8.27
198712,0.34,3.18,4.54,5.86,3.93,-0.48,1.57,2.79,3.59,4.98,4.14,7.17,4.89,4.12,3.81
198801,6.7,7.41,6.69,7.21,9.43,7.19,5.96,7.37,7.44,6.31,7.02,6.24,7.94,7.12,10.75
198802,4.37,6.37,7.51,7.28,8.44,3.97,4.97,5.82,6.95,8.09,6.98,6.39,7.95,8.64,8.32
198803,3.39,3.88,2.38,3.84,3.59,3.38,3.4,4.3,3.44,2.6,2.18,3.17,4.33,4.84,2.86
198804,1.26,1.39,1.95,1.2,1.67,1.33,1.15,1.06,1.73,1.94,1.96,1.82,0.73,1.17,1.95
198805,-0.54,-0.95,-1.6,-1,-2.68,-0.39,-0.75,-0.68,-1.23,-1.26,-1.9,-0.62,-1.3,-1.49,-3.37
198806,4.17,4.6,5.87,6.18,5.68,3.04,5.79,3.47,5.77,5.41,6.29,5.43,6.76,6.74,5.07
198807,0.67,-0.76,-0.04,0.54,-1.46,0.91,0.38,-0.88,-0.61,0.05,-0.14,0.74,0.33,-2.58,-0.81
198808,-1.11,-1.57,-2.99,-2.1,-3.77,-1.65,-0.48,-1.09,-2.18,-3.02,-2.96,-1.46,-2.74,-3.55,-3.89
198809,0.95,2.35,2.97,2.87,1.57,0.35,1.63,1.59,3.33,2.21,3.86,2.43,3.31,3.1,0.67
198810,0.05,-0.35,-1.1,-1.03,-3.35,-0.3,0.46,-0.17,-0.58,-0.12,-2.26,-0.4,-1.67,-2.16,-4.04
198811,-2.89,-2.68,-3.32,-4.38,-5.87,-2.98,-2.77,-2.83,-2.5,-3.89,-2.65,-4.46,-4.3,-6.24,-5.66
198812,0.62,2.27,1.49,3.61,4.18,-0.04,1.39,2.46,2.02,2.56,0.21,2.69,4.55,3.8,4.4
198901,3.13,6.73,5.83,7.65,8.02,2.71,3.61,6.91,6.5,6.72,4.79,5.96,9.37,8.15,7.94
198902,0.18,0.48,0.54,0.67,-0.2,-0.16,0.58,0.58,0.34,1.04,-0.05,0.49,0.86,-0.78,0.14
198903,1.73,2.56,2.07,2.31,1.78,1.81,1.64,2.74,2.33,1.95,2.21,2.64,1.97,2.93,1.1
198904,2.87,3.81,3.07,2.92,3.56,2.13,3.73,4.23,3.27,2.85,3.32,2.29,3.55,3.1,3.84
198905,2.3,3.32,2.57,4.13,3.47,2.28,2.32,3.44,3.17,1.82,3.46,3.79,4.47,3.45,3.48
198906,0.58,-1.22,-0.94,-1.41,-3.09,0.82,0.31,-1.8,-0.48,-0.21,-1.8,-0.93,-1.9,-2.5,-3.44
198907,2.35,3.67,3.62,4.05,2.11,2.21,2.53,4.02,3.25,4.09,3.15,4.51,3.6,3,1.59
198908,1.57,2.3,2.28,2.29,2.07,1.13,2.12,2.64,1.89,1.83,2.72,1.62,2.95,2.54,1.8
198909,0.43,-0.19,-0.69,-0.74,0.87,0.52,0.33,0.31,-0.78,-0.39,-0.99,-1.08,-0.41,0.81,0.91
198910,-2.49,-4.67,-5,-7.62,-6.96,-1.66,-3.52,-4.47,-4.92,-5.51,-4.5,-7.86,-7.37,-6.96,-6.95
198911,-0.21,-0.86,-0.73,-1.6,-2.19,0.55,-1.15,-0.88,-0.83,-0.46,-0.98,-1.01,-2.18,-1.64,-2.52
198912,-1.25,-1,-1.23,-1.71,-2.33,-1.16,-1.36,-0.92,-1.1,-1.49,-0.97,-0.85,-2.57,-1.62,-2.75
199001,-3.2,-5.8,-6.79,-5.55,-5.25,-2.16,-4.48,-5.99,-5.56,-6.42,-7.15,-5.74,-5.36,-4.16,-5.89
199002,0.78,1.86,2.99,3.17,2.22,0.47,1.16,1.72,2.02,2.7,3.27,3.91,2.45,2.4,2.11
199003,0.43,2.38,1.69,3.3,4.43,0.29,0.6,1.62,3.29,1.99,1.39,4.47,2.15,3.54,4.96
199004,-2.26,-2.98,-2.47,-3.39,-3.54,-2.38,-2.12,-2.84,-3.15,-3.14,-1.81,-3.48,-3.31,-3.3,-3.68
199005,2.07,4.32,4.93,5.79,6.08,1.6,2.66,3.6,5.19,4.84,5.02,7.16,4.47,5.16,6.63
199006,0,-0.64,0.06,0.34,0.95,0.68,-0.84,-1.07,-0.13,0.66,-0.53,-0.77,1.41,-0.35,1.74
199007,-2.04,-2.21,-4.63,-3.8,-4.25,-1.47,-2.67,-2.29,-2.11,-4.33,-4.98,-2.56,-4.98,-5,-3.72
199008,-7.79,-10.56,-10.69,-12.85,-15.24,-7.2,-8.44,-9.79,-11.42,-10.07,-11.4,-13.89,-11.86,-14.09,-16.05
199009,-5.18,-7.2,-8.86,-8.87,-11.43,-5.02,-5.37,-7.16,-7.25,-8.92,-8.79,-8.35,-9.37,-11.33,-11.49
199010,-4.7,-5.55,-5.91,-6.84,-7.29,-4.09,-5.38,-4.84,-6.34,-4.83,-7.16,-6.23,-7.41,-6.49,-7.84
199011,1.43,3.54,4.93,5.23,6.01,1.25,1.63,2.58,4.6,4.85,5.03,3.87,6.53,6.28,5.82
199012,-1.25,0.19,1.46,1.13,-0.78,-1.71,-0.73,1.25,-0.97,2.02,0.82,1.13,1.14,-0.97,-0.65
199101,5.31,7.45,10.34,11.33,14.85,4.36,6.36,7.93,6.93,11.19,9.36,10.7,11.92,13.2,16
199102,10.17,13.7,13.59,14.18,17.58,9.95,10.41,13.39,14.04,12.91,14.37,14.05,14.31,17.97,17.31
199103,6.63,8.06,5.84,9.79,10.28,6.91,6.33,6.08,10.22,5,6.8,9.24,10.32,8.71,11.39
199104,2.86,2.86,2.29,2.14,4.07,3.1,2.59,3.37,2.3,2.14,2.45,3.71,0.63,1.96,5.55
199105,1.79,3.45,2.59,3.41,3.74,2.01,1.55,3.88,2.98,1.5,3.85,4.62,2.28,3.19,4.12
199106,-1.99,-3.72,-3.7,-3.91,-4.8,-1.67,-2.34,-3.83,-3.6,-3.86,-3.51,-3.58,-4.23,-4.41,-5.07
199107,4.01,2.85,3.24,3.15,3.85,5.92,2.25,2.7,3.04,2.4,4.19,3.76,2.48,3.99,3.73
199108,2.25,2.46,2.45,3.49,4.62,3.05,1.52,2.49,2.41,2.42,2.49,2.68,4.38,4.96,4.35
199109,0.69,0.26,0.08,0,1.54,1.4,0.04,1.09,-0.84,-1.37,1.73,0.28,-0.32,0.61,2.3
199110,2.71,1.44,1.17,2.62,2.95,1.7,3.64,1.35,1.56,2.31,-0.1,2.11,3.18,2.15,3.59
199111,0.16,-1.82,-3.47,-3.95,-3.91,1.33,-0.91,-2.23,-1.27,-3.04,-3.95,-4.62,-3.2,-4.35,-3.55
199112,0.59,3.77,5.61,5.59,5.43,-0.23,1.33,2.91,4.91,6.6,4.5,4.77,6.49,6.24,4.76
199201,10.79,13.05,13.4,15.86,27.23,10.44,11.11,12.55,13.71,12.09,14.87,14.5,17.35,21.9,31.64
199202,4.69,4.48,7.14,7.35,7.18,3.94,5.36,4.56,4.38,7.72,6.49,6.72,8.05,6.6,7.66
199203,2.54,-0.43,-1.35,-0.97,-3.61,4.89,0.42,-0.28,-0.62,-0.75,-2.05,-1.67,-0.19,-2.75,-4.33
199204,-1.35,-0.6,-1.64,-3.34,-7,-2.06,-0.72,-0.59,-0.62,-0.51,-2.93,-3.33,-3.35,-5.74,-8.03
199205,1.42,0.78,0.89,1.56,-0.34,1.05,1.75,0.48,1.17,0.68,1.14,2.73,0.27,0,-0.63
199206,-1.87,-4.06,-3.66,-4.4,-5.52,-1.29,-2.38,-4.08,-4.04,-3.41,-3.95,-3.67,-5.21,-4.33,-6.51
199207,2.9,2.67,2.41,3.19,2.45,2.84,2.96,3.24,2.09,3.04,1.78,2.34,3.94,3.86,1.47
199208,-0.74,-1.29,-2.83,-3.07,-5.12,-0.78,-0.69,-1.13,-1.46,-2.23,-3.42,-2.66,-3.44,-5.53,-4.83
199209,1.52,2.32,1.66,1.67,-0.28,1.38,1.65,2.26,2.38,1.63,1.68,1.77,1.58,1.46,-1.48
199210,0.16,1.5,2,2.7,3.58,-0.46,0.73,1.03,1.99,1.82,2.18,2.35,3.02,4.08,3.24
199211,4.57,5.57,6.2,8.4,9.63,4.27,4.84,4.97,6.2,5.66,6.75,7.83,8.9,10.29,9.18
199212,3.67,3.45,3.69,5.46,3.76,3.96,3.4,3.16,3.76,3.58,3.8,5.44,5.47,4.26,3.41
199301,7.5,6.62,5.25,7.6,8.8,8.28,6.79,7.33,5.87,4.99,5.52,6.93,8.17,7.55,9.68
199302,1.71,0.62,0.34,-1.65,-3.4,2.14,1.32,1.47,-0.27,0.24,0.44,-1.68,-1.62,-1.52,-4.74
199303,3.55,3.15,2.83,1.84,2.82,3.68,3.43,3.29,2.99,3.02,2.63,1.35,2.27,3.45,2.37
199304,0.1,-1.45,-2.77,-3.17,-3.02,-0.22,0.39,-2.29,-0.57,-2.23,-3.32,-2.62,-3.65,-3.05,-3.01
199305,2.92,2.45,4.02,3.82,6.25,3.72,2.2,3.1,1.77,4.19,3.85,3.95,3.71,5.7,6.64
199306,2.61,0.91,1.91,0.48,1.36,3.32,1.97,0.85,0.97,1.29,2.55,1.72,-0.59,-0.39,2.6
199307,1.69,1.89,1.06,2.27,0.73,1.35,2.17,2.72,0.99,1.9,0.13,2.04,2.46,1.73,0.02
199308,3.87,3.11,3.98,2.86,5.62,3.49,4.4,3.47,2.71,3.4,4.61,3.04,2.7,5.39,5.78
199309,3.11,1.78,1.66,2.22,4.04,3.64,2.36,1.94,1.6,2.39,0.85,1.87,2.51,4.93,3.42
199310,2.97,3.42,3.69,4.09,6.07,2.31,3.88,3.18,3.68,3.62,3.77,4.78,3.5,3.61,7.8
199311,-3.47,-2.05,-1.13,-1.58,-2.15,-4.65,-1.78,-1.51,-2.64,-1.29,-0.95,-0.78,-2.25,-1.39,-2.68
199312,0.3,2.01,1.79,3.14,0.53,-0.08,0.83,1.73,2.31,2.41,1.1,3.7,2.67,1.17,0.08
199401,5.01,4.1,5.69,4.64,5.73,6.55,2.83,4.23,3.96,5.31,6.11,5.44,3.96,6.06,5.49
199402,-1.68,-0.04,-0.32,0.17,-0.05,-1.89,-1.38,-0.69,0.68,0.13,-0.83,-0.08,0.38,0.23,-0.26
199403,-3.42,-3.56,-3.71,-4.76,-5.19,-3.75,-2.96,-3.74,-3.37,-2.65,-4.91,-4.42,-5.06,-4.84,-5.45
199404,-0.46,0.09,-0.26,-0.61,-2.01,-0.81,0.05,-0.48,0.69,-0.47,-0.02,1.14,-2.09,-1.47,-2.39
199405,0.01,0.99,0.63,-0.05,-0.31,-0.01,0.02,1.03,0.95,0.6,0.67,-0.21,0.09,-0.69,-0.03
199406,-0.67,-0.6,-2.36,-2.78,-4.77,-0.61,-0.74,-0.77,-0.42,-2.6,-2.09,-1.14,-4.17,-3.41,-5.74
199407,0.8,1.76,1.42,1.94,1.79,0.87,0.72,1.57,1.95,2.08,0.84,2.03,1.84,1.88,1.74
199408,2.12,3.28,3.54,4.53,5.53,1.08,3.26,3.56,3.01,2.9,4.1,4.84,4.21,5.72,5.43
199409,1.14,1.17,-0.06,0.46,1.05,1.67,0.56,1.83,0.53,-0.37,0.21,0.57,0.34,1.01,1.07
199410,-0.17,0.44,0.6,-0.06,-0.51,0.71,-1.15,0.6,0.28,0.57,0.62,-0.17,0.06,0.33,-0.96
199411,-3.7,-4.18,-3.58,-3.8,-4.13,-4.49,-2.83,-3.61,-4.73,-3.64,-3.53,-3.31,-4.31,-3.81,-4.3
199412,-1.51,0.64,-0.37,0.5,-2.33,-2.86,-0.03,0.69,0.58,-1.05,0.22,2.13,-1.22,-0.91,-3.12
199501,3.21,2.8,2.35,4.2,4.35,4.21,2.1,2.61,2.99,2.01,2.64,3.98,4.43,2.11,5.59
199502,1.58,3.53,4.09,3.74,4.43,1.41,1.76,3.71,3.35,3.77,4.37,4.51,2.93,4.38,4.46
199503,1.87,1.72,2.71,1.52,1.13,2.81,0.85,1.14,2.25,2.34,3.04,0.76,2.33,1.08,1.16
199504,2.31,3.11,2.35,3.29,2.21,2.02,2.62,2.9,3.31,3.21,1.61,3.59,2.98,3.01,1.77
199505,1.59,2.28,1.75,2.64,2.66,1.23,1.97,1.72,2.79,1.75,1.75,2.54,2.75,1.94,3.06
199506,2.77,3.95,4.02,4.94,8.04,1.94,3.66,4.11,3.8,3.59,4.39,5.4,4.46,6.35,8.98
199507,4.3,4.91,4.17,6.06,7.24,4.46,4.09,3.7,5.99,4.16,4.17,6.11,6.01,6.16,7.84
199508,3.39,2.9,3.54,3.66,5.14,3.8,2.82,2.74,3.04,3.06,4.06,3.54,3.76,3.56,6.01
199509,3.26,2.95,3.04,2.66,3.19,3.44,3.01,3.15,2.77,2.87,3.22,2.88,2.48,3.34,3.1
199510,-2.5,-2.78,-3.91,-4.78,-7.02,-2.76,-2.13,-2.19,-3.31,-4.14,-3.68,-4.52,-5,-5.51,-7.86
199511,0.98,2.62,2.98,1.83,0.59,0.85,1.17,1.93,3.24,3.59,2.33,2.99,0.86,2.03,-0.21
199512,2.63,1.3,0.88,-0.04,1.46,2.83,2.35,2.23,0.46,0.53,1.24,0.29,-0.31,0.73,1.88
199601,2.87,2.31,2.08,2.31,4.07,2.2,3.81,3.31,1.42,1.92,2.24,2.46,2.19,2.32,5.04
199602,2.33,2.62,2.83,3.9,5.65,2.54,2.04,2.9,2.38,2.56,3.12,3.49,4.24,6.3,5.29
199603,2.34,2.99,3.01,2.55,3.12,3.22,1.1,3.75,2.31,1.9,4.2,2.24,2.8,3.56,2.87
199604,3.2,4.24,4.61,6.85,8.56,3.51,2.78,4.81,3.73,4.6,4.62,6.91,6.81,8.15,8.79
199605,6.08,4.3,5.82,5.84,9.79,7.84,3.7,4.41,4.21,5.76,5.88,5.48,6.13,7.66,10.98
199606,-0.18,-1.48,-1.78,-3.62,-6.13,0.03,-0.45,-1.37,-1.57,-1.67,-1.89,-3.9,-3.39,-5.11,-6.71
199607,-6.29,-5.54,-6.32,-7.45,-11.27,-6.79,-5.42,-5.04,-6,-6.44,-6.17,-6.77,-8.07,-9.63,-11.95
199608,3.58,3.34,4.44,4.43,5.58,3.46,3.78,2.92,3.74,4.25,4.66,3.67,5.13,5.27,5.71
199609,1.73,2.67,2.85,3.09,3.81,1.23,2.62,3.13,2.24,3.79,1.75,3.18,3,3.47,3.94
199610,-0.85,0.94,0.12,-1.8,-3.99,-1.3,-0.09,1.25,0.65,0.07,0.18,-1.14,-2.4,-2.15,-4.75
199611,1.9,3.49,3.93,4,2.27,1.54,2.51,2.72,4.21,3.67,4.23,4.49,3.56,2.45,2.2
199612,-0.33,0.26,-0.1,0.59,-1.05,-1.2,1.17,0.8,-0.26,-0.43,0.28,0.8,0.4,-0.74,-1.17
199701,6.51,4.6,5.18,5.25,7.9,7.26,5.21,3.5,5.63,4.51,5.95,5.39,5.13,6.35,8.54
199702,-0.03,0.71,0.32,-1.12,-2.94,-0.51,0.79,0.61,0.8,0.44,0.17,-0.65,-1.54,-1.89,-3.36
199703,-2.77,-2.01,-2.93,-3.64,-7.41,-2.96,-2.43,-0.95,-3.03,-2.86,-3.01,-3.45,-3.81,-6.53,-7.77
199704,-1.27,-0.49,-0.65,-1.33,-3.68,-1.51,-0.87,-0.03,-0.93,-0.6,-0.71,-0.95,-1.68,-1.91,-4.4
199705,6.99,7.33,8.26,9.09,11.01,6.92,7.12,6.91,7.73,8.56,7.93,8.45,9.67,9.53,11.62
199706,4.04,3.72,5.07,4.92,4.06,4.14,3.87,4.53,2.96,5.4,4.68,5.48,4.41,5.76,3.36
199707,4.78,5.48,5.64,6.82,4.9,4.75,4.84,5.86,5.18,4.4,6.89,7.14,6.59,5.57,4.62
199708,3.17,2.65,1.86,2.4,4.9,3.33,2.85,2.33,2.9,1.91,1.81,2.59,2.25,3.44,5.52
199709,7.63,7.4,6.82,8.58,9.95,7.57,7.73,6.44,8.15,6.98,6.67,7.29,9.53,8.43,10.59
199710,-0.38,-1.02,-1.34,-1.87,-2.85,-0.58,-0.01,-0.52,-1.42,-2.14,-0.52,-0.81,-2.65,-2.27,-3.09
199711,-0.64,0.76,-0.64,-1.11,-3.51,-1.68,1.38,0.91,0.64,-0.29,-0.99,-0.77,-1.35,-0.81,-4.66
199712,-0.99,0.8,-0.43,-0.69,-6.15,-2.09,1.13,1.72,0.07,-0.69,-0.16,-0.51,-0.83,-1.99,-7.93
199801,1.96,-0.05,0.14,0.53,1.93,2.79,0.36,-0.76,0.51,0.61,-0.34,0.48,0.57,1.29,2.2
199802,5.17,5.38,6.02,6.67,7.73,5.16,5.2,6.06,4.84,5.13,6.91,5.77,7.33,8.15,7.55
199803,4.73,4.08,4.5,5.9,4.33,4.44,5.27,4.37,3.85,4.72,4.27,5.91,5.9,4.49,4.27
199804,2.96,1.74,1.34,1.77,3.31,3.35,2.25,1.2,2.18,0.64,2.04,1.36,2.07,3.92,3.05
199805,-3.1,-3.31,-2.96,-3.44,-5.68,-3.11,-3.07,-3.7,-3,-3.64,-2.28,-3.37,-3.49,-4.91,-6.01
199806,-2.34,-1.73,-0.94,-2.16,-3.42,-2.65,-1.75,-1.29,-2.07,-1.8,-0.07,-1.84,-2.4,-1.51,-4.24
199807,-3.76,-5.4,-5.92,-5.34,-7.52,-3.7,-3.87,-6.25,-4.65,-6.2,-5.66,-4.33,-6.2,-8.23,-7.17
199808,-15.91,-16.09,-17.89,-20.26,-24.21,-17.47,-12.97,-16.67,-15.57,-17.98,-17.79,-19.66,-20.77,-21.94,-25.32
199809,1.85,3.03,3.8,4.57,6.13,1.39,2.7,2.65,3.36,5.2,2.48,4.71,4.45,6.25,6.06
199810,1.52,3.47,4.12,4.34,5.56,1.03,2.42,3.75,3.23,3.6,4.6,4.68,4.04,4.27,6.2
199811,5.04,6.34,6.27,5.66,10.55,5.93,3.41,3.18,9.09,6.12,6.42,4.97,6.26,7.75,11.94
199812,1.47,1.73,1.87,1.71,3.73,1.32,1.73,0.92,2.44,0.96,2.75,0.6,2.65,3.05,4.07
199901,6.29,2.17,2.95,2.6,11.23,8.98,1.45,3.1,1.37,4.43,1.52,1.94,3.16,5.82,13.93
199902,-1.79,-4.14,-4.24,-4.96,-7.03,-1.75,-1.87,-4.39,-3.93,-4.53,-3.96,-4.33,-5.5,-7.21,-6.95
199903,-2.92,-2.26,-1.43,-0.98,-0.75,-2.32,-3.99,-2.8,-1.8,-1.22,-1.64,-1.65,-0.4,-1.01,-0.62
199904,7.45,9.03,8.81,8.95,8.94,7.94,6.56,9.68,8.47,8.47,9.14,8.85,9.04,7.57,9.63
199905,4.05,3.42,3.32,2.92,5.61,4.28,3.65,3.27,3.55,3.41,3.23,2.68,3.12,6.53,5.15
199906,2.72,3.18,3.9,3.67,5.87,2.91,2.41,2.78,3.53,3.59,4.21,3.01,4.23,5.69,5.97
199907,0.59,1.35,0.48,0.34,1.87,0.9,0.29,0.94,1.77,1.13,-0.22,0.27,0.41,2.49,1.54
199908,-1.93,-2.59,-3.58,-3.46,-3.74,-2.65,-1.24,-2.97,-2.19,-2.82,-4.41,-3.44,-3.49,-4.26,-3.48
199909,-2.53,-3.13,-2.61,-2.63,-0.3,-2.01,-3.04,-2.04,-4.28,-2.92,-2.28,-2.88,-2.39,-2.42,0.79
199910,-0.78,-1.12,-0.5,-1.12,0.76,-0.46,-1.07,-0.7,-1.57,-0.06,-0.98,-1.01,-1.23,-0.03,1.17
199911,3.19,4.29,4.77,8.55,17.67,3.42,2.98,5.11,3.41,4.99,4.52,7.08,10,12.36,20.4
199912,1.7,2.55,5.45,9.88,16.2,2.74,0.72,2.12,3,3.92,7.13,10.03,9.74,12.93,17.88
200001,4.85,2.32,1.89,4.39,10.28,7.19,2.64,3.35,1.24,1.44,2.38,4.49,4.29,8.77,11.06
200002,6.46,4.7,7.84,11.19,25.64,8.14,4.87,4.91,4.48,7.48,8.23,10.52,11.86,19.52,28.8
200003,3.02,3.7,3.25,2.97,-2.71,4.36,1.77,2.66,4.79,3.1,3.42,2.17,3.77,-0.49,-3.85
200004,-3.85,-2.92,-4.55,-5.21,-14.59,-5.01,-2.77,-3.26,-2.55,-4.07,-5.07,-4.58,-5.84,-11.02,-16.44
200005,-2.28,-2.01,-2.71,-3.86,-10.96,-3.18,-1.44,-1.28,-2.78,-3.04,-2.35,-3.83,-3.88,-8.4,-12.29
200006,2.99,2.42,4.71,5.76,12.55,2.21,3.72,2.48,2.36,5.03,4.36,5.62,5.9,9.97,13.87
200007,-1.53,0.45,0.76,-0.27,-4.5,-2.89,-0.13,1.02,-0.25,0.52,1.04,0.5,-1.13,-1.01,-6.04
200008,6.08,5.27,6.35,7.5,7.91,7.65,4.47,5.2,5.36,6.4,6.29,7.32,7.7,6.17,8.69
200009,0.88,0.67,-0.09,-2.91,-9.48,0.61,1.15,0.83,0.48,0.59,-0.89,-3.06,-2.74,-6.56,-10.79
200010,-4.38,-2.03,-3.12,-3.97,-9.24,-5.58,-3.14,-1.95,-2.13,-2.98,-3.28,-3.82,-4.14,-6.08,-10.68
200011,-5.17,-4.52,-6.72,-10.17,-19.78,-6.66,-3.65,-3.43,-5.86,-5.62,-8.04,-10.73,-9.52,-13.25,-22.74
200012,2.26,3.7,2.45,2.14,-7.37,2.87,1.65,3.96,3.37,1.88,3.14,3,1.13,-1.82,-9.87
200101,13.56,12.28,13.69,18.42,41.86,16.28,10.82,11.06,13.77,13.13,14.38,17.31,19.71,28.21,48.05
200102,-2.23,-0.5,-3.23,-5.24,-12.57,-2.65,-1.82,-0.81,-0.13,-2.16,-4.54,-5.01,-5.5,-8.06,-14.61
200103,-2.09,-2.04,-4.49,-5.19,-11.09,-2.89,-1.29,-0.48,-3.97,-3.12,-6.16,-4.02,-6.56,-7.62,-12.66
200104,4.28,5.06,6.04,7.67,9.77,4.05,4.51,4.62,5.62,6.53,5.44,6.87,8.59,10.81,9.3
200105,6.02,6.37,6.83,8.56,6.85,5.89,6.15,6.8,5.85,6.22,7.58,7.73,9.52,8.3,6.18
200106,1.13,2.68,2.71,1.4,0.97,1.04,1.22,2.19,3.29,2.95,2.4,1.92,0.8,3.06,0
200107,0.59,0.97,1.45,-1.18,-5.72,-1.47,2.38,0.5,1.5,1.96,0.94,-0.39,-1.8,-2.06,-7.2
200108,-0.74,-0.4,-1.65,-1.92,-7,-1.55,-0.04,-0.82,0.08,-0.67,-2.62,-1.08,-2.58,-4.03,-8.21
200109,-6.48,-6.99,-9.64,-14.05,-18.43,-7.13,-5.91,-6.09,-8.04,-8.22,-11.05,-13.14,-14.77,-15.84,-19.49
200110,3.2,2.79,3.32,6.75,13.22,3,3.37,2.02,3.7,2.12,4.53,5.78,7.52,6.21,16.12
200111,2.99,4.75,5.15,7.41,11.7,3.7,2.38,4.28,5.31,3.77,6.53,6.99,7.75,8.69,12.97
200112,4.62,4.02,4.97,6.85,6.58,5.13,4.18,3.95,4.1,4.61,5.33,6.25,7.33,7.5,6.2
200201,1.53,2.41,2.86,1.95,3.15,0.79,2.17,1.84,3.08,2.18,3.55,3.18,0.99,3.89,2.84
200202,1.34,0.58,0.7,-1.36,-8.35,0.88,1.73,0.45,0.74,1.81,-0.42,0.11,-2.51,-3.37,-10.46
200203,6.42,6.83,6.41,9.16,10.46,7.1,5.84,5.97,7.84,5.62,7.19,8.68,9.54,10.05,10.64
200204,4.15,3.92,3.49,2.18,-3.58,3.57,4.65,3.76,4.12,4.3,2.69,3.19,1.38,0.16,-5.16
200205,-0.16,-0.45,0.06,-1.07,-4.2,-0.59,0.21,-0.94,0.12,0.78,-0.66,-1,-1.13,-2.02,-5.13
200206,-2.87,-1.41,-3.66,-6.22,-12.26,-3.63,-2.24,-1.09,-1.79,-3.25,-4.05,-4.85,-7.3,-9.01,-13.64
200207,-8.6,-8.57,-10.09,-12.63,-15.12,-9.59,-7.76,-8.07,-9.14,-9.94,-10.23,-12.84,-12.47,-14.49,-15.35
200208,2.25,1.12,-0.38,-0.64,-0.35,2.04,2.43,0.87,1.4,0.04,-0.77,-0.96,-0.4,-0.69,-0.23
200209,-2.85,-5.33,-7.17,-8.66,-13.98,-2.79,-2.91,-4.64,-6.11,-7.09,-7.24,-8.62,-8.69,-9.94,-15.48
200210,1.28,2.5,1.32,3.32,9.85,0.9,1.6,2.09,2.98,1.61,1.04,4.17,2.65,6.08,11.25
200211,2.93,4.96,7.45,10.06,24.22,3.44,2.49,5.48,4.36,7.07,7.81,9.2,10.74,15.42,27.54
200212,0.58,-1.41,-2.16,-4.35,-11.09,0.68,0.49,-1.12,-1.74,-2.48,-1.87,-3.96,-4.66,-6.06,-13
200301,0.21,-0.19,-0.55,-1.75,1.12,0.18,0.24,0.2,-0.64,-0.62,-0.49,-2.18,-1.42,-0.26,1.66
200302,-1.19,-1.32,-2.44,-3.68,-3.4,-1.07,-1.3,-0.58,-2.17,-2.51,-2.38,-3.97,-3.45,-2.03,-3.92
200303,1.06,1.05,1.35,0.45,2.08,0.49,1.55,1.34,0.71,1.51,1.2,0.96,0.06,0.31,2.78
200304,6.15,6.85,8.86,10.82,13.94,5.48,6.72,6.19,7.6,7.99,9.65,9.66,11.72,12.11,14.67
200305,8.33,7.4,9.94,12.5,22.13,9.05,7.73,7.07,7.76,9.07,10.75,10.97,13.68,13.42,25.61
200306,3.73,3.44,3.05,5.75,6.68,5.03,2.64,4.32,2.41,3.02,3.08,5.15,6.21,5.2,7.28
200307,4.25,4.87,5.25,6.34,11.08,3.7,4.75,5.46,4.08,4.88,5.6,5.45,7.07,9.22,11.79
200308,2.57,2.74,4.2,5.83,7.69,2.7,2.45,3.17,2.17,4.39,4.03,5.99,5.69,5.59,8.52
200309,1.36,0.14,1.04,0.18,4.94,0.91,1.76,0.35,-0.14,0.7,1.36,0.42,-0.01,3.4,5.55
200310,4.98,6.77,8.05,8.18,11.77,5.5,4.51,7.09,6.34,7.81,8.27,7.49,8.76,9.42,12.71
200311,3.68,4.54,3.66,3.45,3.89,4.23,3.17,4.29,4.88,4.14,3.21,3.35,3.53,2.66,4.39
200312,3.81,3.91,4.36,4.75,2.24,4.07,3.59,3.95,3.86,4.98,3.79,5.06,4.49,4.94,1.16
200401,3.51,3.52,4.94,6.19,11.86,3.98,3.08,3.65,3.34,4.42,5.43,5.54,6.72,7.88,13.45
200402,2.01,2.95,2.98,1.96,-1.31,1.99,2.03,2.75,3.22,3.74,2.28,2.92,1.17,0.19,-1.91
200403,0.64,1.23,0.7,1.6,-1.21,0.87,0.42,1.16,1.31,0.65,0.74,1.07,2.05,1.3,-2.22
200404,-2.22,-1.27,-1.07,-0.92,-6.2,-2.97,-1.53,-1.26,-1.27,-0.8,-1.31,-1.33,-0.58,-2.09,-7.84
200405,-0.13,-0.03,0.39,0.64,0.04,-0.15,-0.11,-0.02,-0.04,0.59,0.21,1.04,0.3,0.57,-0.17
200406,2.19,3.73,3.76,4.52,1.31,2.03,2.34,3.84,3.58,3.83,3.69,3.78,5.14,2.7,0.76
200407,-1.95,-2.42,-3.5,-6.38,-12.01,-2.12,-1.76,-2.64,-2.16,-3.58,-3.42,-5.48,-7.19,-7.97,-13.61
200408,0.74,0.56,-0.8,-1.24,-3.49,0.66,0.83,0.49,0.64,-0.67,-0.94,0.1,-2.42,-2.66,-3.82
200409,2.69,3.63,4.3,4.9,4.47,2.54,2.86,3.49,3.79,4.42,4.18,4.8,4.99,4.99,4.26
200410,1.77,1.81,2.17,1.42,2.17,1.84,1.71,2.1,1.47,1.38,3.02,0.7,2.05,2.17,2.17
200411,6.87,6.81,8.69,9.13,10.5,6.23,7.6,6.77,6.87,7.8,9.65,8.65,9.56,8.75,11.21
200412,3.21,3.86,5.01,6.31,8.58,3.28,3.13,4.07,3.61,5.16,4.84,5.4,7.1,7.14,9.17
200501,-1.47,-1.08,-1.06,-3.08,-6.46,-1.08,-1.92,-1.51,-0.57,-1.54,-0.54,-2.67,-3.45,-5.08,-7.02
200502,1.09,2,2.42,1.63,-0.48,1.1,1.08,1.68,2.39,1.73,3.17,2.43,0.92,0.92,-1.05
200503,-1.38,-1.65,-1.43,-1.52,-4.95,-1.56,-1.17,-1.52,-1.81,-1.49,-1.36,-1.13,-1.86,-3.81,-5.4
200504,-3.18,-3.01,-4.48,-5.65,-8.58,-2.87,-3.55,-3.11,-2.89,-3.96,-5.05,-5.75,-5.55,-7.83,-8.88
200505,3.07,3.78,4.3,5.2,6.95,2.75,3.44,4,3.52,4.23,4.37,3.81,6.44,5.78,7.42
200506,2.94,2.98,3.45,3.99,3.04,2.97,2.91,2.93,3.04,3.73,3.14,4.69,3.37,3.23,2.96
200507,4.32,4.54,6.08,7.62,8.38,4.19,4.45,4.67,4.39,5.22,6.96,6.67,8.58,8.91,8.09
200508,-0.81,-0.91,-0.8,-1.29,-1.52,-1.2,-0.41,-0.76,-1.07,-0.16,-1.45,-1.13,-1.44,-1.37,-1.6
200509,0.35,0.56,0.59,0.75,0.9,0.08,0.62,-0.11,1.29,1.03,0.14,0.63,0.87,0.75,0.98
200510,-2.31,-1.77,-2.4,-3.36,-4.39,-2.82,-1.81,-1.8,-1.73,-1.63,-3.19,-3.45,-3.27,-3.72,-4.75
200511,2.22,3.17,3.2,4.77,4.69,2.17,2.28,3,3.35,3.24,3.17,5.13,4.42,4.34,4.87
200512,0.32,0.41,0.22,1.29,0.79,0.19,0.45,0.12,0.73,-0.06,0.52,0.97,1.6,0.61,0.88
200601,4.95,5.71,6.44,8.12,10.59,5.17,4.73,5.41,6.03,6.29,6.6,7.85,8.38,10.01,10.9
200602,0.06,0.24,-0.26,0.44,1.41,-0.19,0.3,0.54,-0.09,0.24,-0.79,0.28,0.59,0.34,2
200603,2.68,3.39,4.32,5.16,5.04,2.72,2.64,3.42,3.36,3.45,5.21,5.48,4.84,3.69,5.77
200604,0.58,1.19,1.75,0.77,-0.14,0.54,0.61,1.47,0.89,1.56,1.95,0.28,1.26,0.43,-0.44
200605,-2.29,-2.12,-3.88,-4.4,-7.71,-2.34,-2.24,-1.7,-2.6,-3.42,-4.35,-4.19,-4.6,-5.92,-8.7
200606,-0.13,1.04,-0.61,-0.4,-2.18,-0.29,0.04,1.06,1.01,-0.42,-0.8,-0.38,-0.42,-1.64,-2.47
200607,-0.39,-1.72,-2.22,-3.54,-6.02,-0.61,-0.06,-1.34,-2.15,-1.13,-3.23,-3.11,-3.94,-5.15,-6.52
200608,1.49,1.14,2.6,1.83,3.64,1.2,1.93,1.06,1.24,3.05,2.19,2.02,1.66,2.34,4.37
200609,1.2,1.36,0.45,1.59,0.85,0.74,1.88,0.8,1.98,0,0.87,1.08,2.05,1.76,0.33
200610,2.66,4.02,4.84,5.16,6.39,2.53,2.87,3.64,4.43,4.13,5.49,5.44,4.91,6.84,6.14
200611,1.85,1.89,3.22,2.95,2.67,1.82,1.89,1.25,2.61,2.6,3.79,3.38,2.55,1.86,3.12
200612,1.47,0.88,1.86,1.39,1.24,1.3,1.73,0.9,0.86,1.67,2.04,1.7,1.12,1.81,0.92
200701,1.74,1.55,2.77,2.44,3.25,1.9,1.5,0.71,2.48,2.5,3.01,2.67,2.24,3.2,3.27
200702,-0.21,0.4,0.15,0.43,0.55,-0.12,-0.36,0.23,0.58,0.65,-0.3,-0.06,0.87,-0.03,0.87
200703,0.01,1.43,1.01,0.11,-0.05,-0.14,0.23,1.22,1.66,1.44,0.63,0.86,-0.56,1.34,-0.82
200704,0.62,1.59,3.26,2.57,3.28,0.24,1.2,1.88,1.27,2.76,3.72,2.34,2.77,4.08,2.83
200705,1.35,2.86,3.2,3.73,2.44,0.46,2.7,3,2.72,3.81,2.66,3.55,3.9,3.78,1.7
200706,-1.14,-0.6,-0.74,-1.52,-0.42,-1.28,-0.94,-0.34,-0.89,-0.73,-0.76,-1.46,-1.57,-0.79,-0.21
200707,-4.7,-5.27,-4.65,-5.58,-5.38,-4.35,-5.25,-6.03,-4.49,-4.52,-4.79,-5.47,-5.67,-4.88,-5.65
200708,0.92,0.97,-0.66,-1.76,-2.75,0.16,2.11,1.75,0.18,0.19,-1.5,-1.21,-2.21,-2.36,-2.96
200709,0.44,1.52,1.32,1.19,1.79,0.25,0.75,1.55,1.48,1.85,0.82,0.77,1.53,1.24,2.09
200710,0.14,0.29,0.89,1.13,1.69,0.37,-0.22,-0.6,1.2,0.38,1.38,1.22,1.05,1.18,1.96
200711,-5.74,-5.95,-7.58,-8.16,-11.08,-6.21,-4.98,-5.51,-6.39,-6.24,-8.87,-9.11,-7.38,-9.93,-11.7
200712,-2.46,-1.51,-0.88,-0.67,-2.01,-2.27,-2.77,-1.68,-1.34,-1.19,-0.57,-1.55,0.05,-0.75,-2.7
200801,-1.75,-3.24,-5.02,-5.6,-7.36,-1.71,-1.83,-2.88,-3.61,-5.13,-4.92,-4.09,-6.81,-6.3,-7.95
200802,-3.23,-2.44,-3.11,-3.49,-1.76,-3.1,-3.44,-3.13,-1.72,-2.08,-4.09,-3.75,-3.29,-2.15,-1.55
200803,-0.93,0.01,-1.94,-2.12,-3.57,-1.76,0.38,0.35,-0.33,-2.87,-1.03,-2.88,-1.51,-2.16,-4.34
200804,0.53,1.26,3.15,4.28,3.21,0.62,0.37,1.52,0.99,3.65,2.67,4.29,4.27,4.33,2.6
200805,1.62,1.87,2.85,4.66,5.24,1.41,1.95,1.76,1.98,2.69,3.02,5.15,4.27,5.05,5.35
200806,-10.53,-9.84,-9.21,-8.85,-10.28,-10.49,-10.59,-9.06,-10.64,-9.91,-8.53,-9.71,-8.17,-10.79,-10
200807,-0.1,0.83,2.36,2.58,1.45,-0.49,0.54,0.55,1.11,0.46,4.22,2.94,2.21,2.58,0.75
200808,0.52,2.67,2.17,3.56,3.85,0,1.38,3.25,2.08,1.6,2.73,4.27,2.83,3.39,4.14
200809,-7.29,-6.51,-8.88,-11.29,-15.88,-8.11,-5.97,-5.97,-7.06,-9.13,-8.63,-11.47,-11.11,-14.65,-16.64
200810,-16.65,-17.83,-20.37,-23.82,-25.1,-17.14,-15.87,-16.82,-18.85,-20.21,-20.53,-23.69,-23.96,-24.16,-25.7
200811,-10.76,-12,-13.59,-15.47,-16.85,-12.32,-8.27,-10.65,-13.35,-11.83,-15.32,-14.88,-16.09,-16.45,-17.11
200812,0.87,0.9,4.62,4.15,3.7,1.54,-0.19,0.14,1.66,5.39,3.87,2.3,6.07,4.16,3.42
200901,-5.46,-7.65,-6.78,-6.37,-0.54,-4.73,-6.62,-8.45,-6.85,-6.61,-6.95,-8.12,-4.55,-5.61,2.63
200902,-10.32,-11.8,-13.07,-12.62,-11.08,-10.17,-10.55,-12.1,-11.51,-13.34,-12.81,-12.2,-13.05,-8.47,-12.72
200903,8.05,9.71,10.86,15.04,16.17,8.5,7.36,10.04,9.37,9,12.73,15.57,14.48,16.72,15.83
200904,14.52,17.49,18.58,25.84,28.22,14.22,14.98,16.02,18.94,17.16,20.02,25.9,25.78,30.09,27.03
200905,7.1,6.49,7.16,9.23,13.61,6.99,7.27,6.34,6.64,6.13,8.21,7.5,11.04,12.88,14.08
200906,1.96,0.65,1.67,3.05,5.83,2.63,0.95,-0.13,1.43,1.22,2.12,3.2,2.9,4,7.01
200907,4.96,7.04,8.5,10.68,14.38,6.05,3.5,6.73,7.4,8.4,8.6,8.22,13.04,12.27,16.87
200908,2.2,2.77,6.49,8.65,15.64,2.49,1.81,2.77,2.76,5.05,8.02,9.18,8.13,15.77,15.48
200909,2.77,4.95,7.46,8.54,12.04,2.68,2.89,4.85,5.06,7.97,6.92,6.35,10.66,9.52,15
200910,-5.17,-5.26,-5.36,-7.2,-9.77,-5.24,-5.08,-4.7,-5.9,-5.73,-4.97,-6.14,-8.22,-8.76,-10.95
200911,0.99,1.08,1.96,1.89,3.88,1.01,0.95,1.32,0.81,1.86,2.06,1.33,2.43,3.07,4.82
200912,4.33,6.4,6.44,6.89,8.46,4.72,3.8,5.71,7.18,6.31,6.58,7.58,6.22,7.78,9.26
201001,-0.12,-0.61,-1.34,-0.97,0.53,-0.48,0.35,-0.12,-1.17,-1.89,-0.75,-1.49,-0.47,0.36,0.73
201002,2.83,3.13,3.37,4.52,6.07,3.32,2.17,2.8,3.51,3.84,2.86,3.82,5.2,4.99,7.33
201003,6.39,7.02,7.57,8.74,11.57,6.5,6.25,6.78,7.29,7.78,7.35,8.31,9.15,10.97,12.27
201004,6.05,6.03,7.71,9.47,10.67,5.26,7.09,5.11,7.09,7.58,7.83,9.26,9.68,9.86,11.65
201005,-6.27,-6.6,-8.22,-9.13,-10.69,-5.7,-7.03,-5.91,-7.4,-8.13,-8.32,-9.02,-9.24,-9.24,-12.41
201006,-5.28,-6.15,-7.31,-8.97,-12.16,-5.3,-5.26,-4.94,-7.56,-7.38,-7.23,-8.3,-9.61,-10.62,-13.98
201007,4.19,4.25,5.48,7.64,8.76,3.94,4.52,4.54,3.96,5.37,5.6,6.72,8.47,7.82,9.96
201008,-4.46,-5.81,-6.62,-7.92,-9.75,-4.57,-4.31,-4.71,-6.92,-6.69,-6.56,-6.74,-8.99,-8.84,-10.89
201009,6.95,9.59,11.44,13.3,15.2,6.55,7.46,8.85,10.33,10.7,12.16,12.15,14.35,14.41,16.21
201010,2.99,3.81,5.38,4.34,4.46,2.59,3.51,3.24,4.39,4.61,6.14,4.42,4.27,5.05,3.73
201011,1.25,1.08,2.19,2.42,4.77,1.65,0.73,0.79,1.38,2.27,2.11,2.48,2.37,3.65,6.19
201012,6.01,7.42,9.02,9.24,11.39,5.37,6.84,6.85,8,9.68,8.37,8.35,10.07,11.95,10.67
201101,0.92,2.03,2.62,3.63,2.1,0.69,1.21,3.02,1.03,2.98,2.25,3.15,4.08,2.24,1.93
201102,2.78,4.13,4.37,4.69,6.5,3.04,2.45,4.18,4.07,4.61,4.12,5.01,4.4,6.69,6.25
201103,2,1.61,1.19,1.71,1.09,1.66,2.45,1.06,2.16,0.53,1.85,2.38,1.08,1.02,1.18
201104,1.83,1.87,1.51,1.6,1.26,2.14,1.41,1.95,1.79,1.98,1.03,3.04,0.24,1.76,0.62
201105,-0.04,-1.54,-1.87,-2.81,-3.96,0.34,-0.55,-0.81,-2.27,-1.78,-1.96,-2.97,-2.66,-3.76,-4.22
201106,-1.37,-1.72,-2.69,-2.95,-3.87,-1.65,-1,-1.05,-2.38,-3.14,-2.23,-2.14,-3.71,-3.44,-4.4
201107,-2.36,-2.33,-2.27,-2.56,-3.15,-2.07,-2.76,-2.1,-2.59,-2.5,-2.06,-2.57,-2.56,-2.72,-3.74
201108,-5.46,-7.52,-8.93,-10.5,-14.42,-5.45,-5.48,-6.2,-8.99,-8.23,-9.59,-10.93,-10.14,-13.34,-15.89
201109,-6.49,-8.6,-10.52,-12.57,-16.14,-6.3,-6.74,-7.88,-9.41,-9,-11.95,-12.65,-12.51,-14.28,-18.64
201110,8.64,11.07,12.49,13.88,17.2,9.22,7.85,10.58,11.63,12.03,12.93,15.04,12.94,14.73,20.54
201111,-0.35,-1.78,-0.91,-2,-3.07,-0.12,-0.66,-1.2,-2.44,-1.03,-0.8,-1.91,-2.07,-2.03,-4.45
201112,1.72,0.13,-0.19,-1.14,0.62,1.64,1.83,0.07,0.19,-0.75,0.33,-0.01,-2.07,0.05,1.4
201201,6.01,7.86,8.6,10.81,12.63,5.81,6.28,7.69,8.04,7.95,9.22,9.85,11.6,10.8,15.12
201202,2.39,4.02,4.34,5.34,4.5,1.58,3.47,3.55,4.55,5.21,3.5,4.93,5.68,4.12,5.02
201203,3.55,3.8,4.09,1.96,3.7,2.79,4.56,4.12,3.44,3.95,4.23,2.8,1.27,3.51,3.97
201204,-0.45,-0.77,-1.38,-1.86,-2.92,-0.79,0.01,-1.12,-0.38,-0.69,-2.03,-1.79,-1.92,-0.95,-5.67
201205,-3.84,-4.84,-7.79,-9.38,-9.05,-3.64,-4.09,-3.24,-6.63,-7.79,-7.8,-9.02,-9.68,-7.4,-11.35
201206,4.28,4.43,3.98,3.71,2.42,4.91,3.43,4.68,4.15,3.87,4.09,3.72,3.7,1.77,3.33
201207,-0.62,-0.41,-0.71,-0.6,-2.59,-0.95,-0.21,-0.27,-0.57,-0.77,-0.65,0.34,-1.52,-1.92,-3.53
201208,1.79,3.22,3.05,3.81,3.28,1.41,2.28,2.83,3.67,3.04,3.07,4.28,3.37,2.43,4.49
201209,3.56,4.28,3.02,3.94,5.03,3.33,3.86,3.84,4.77,2.79,3.27,2.94,4.9,3.46,7.23
201210,-1.09,-0.96,-2.02,-2.38,-2.98,-1.07,-1.11,-0.46,-1.51,-1.49,-2.55,-2.39,-2.37,-2.61,-3.5
201211,0.01,0.78,0.54,0.75,0.16,0.57,-0.71,0.2,1.42,-0.09,1.19,1.07,0.45,-0.07,0.49
201212,1.4,2.47,3.26,2.79,3.88,1.29,1.56,2.17,2.8,3.29,3.23,2.61,2.97,3.68,4.19
201301,5.96,7.06,7,8.43,9.01,4.99,7.21,6.87,7.28,6.68,7.33,7.83,9,7.87,10.69
201302,2.03,1.16,1.16,0.33,-0.02,1.79,2.35,1.29,1.02,2.11,0.2,0.37,0.3,-0.3,0.39
201303,4.48,4.49,4.17,4.18,3.77,4.34,4.66,4.43,4.57,3.85,4.49,3.64,4.69,2.63,5.45
201304,0.51,0.06,-1.24,-0.23,0.49,0.54,0.46,0.27,-0.17,-0.32,-2.16,-1.01,0.51,-0.31,1.63
201305,2.84,4.15,5.6,6.72,5.72,2.37,3.45,4.27,4.02,5.6,5.59,7.04,6.41,5.21,6.45
201306,0.61,-0.37,-0.11,-0.43,-1.3,0.4,0.88,-0.16,-0.6,-0.49,0.27,-0.59,-0.26,-1.36,-1.21
201307,7.27,7.73,7.73,8.29,7.57,6.59,8.12,6.77,8.82,7.97,7.47,7.64,8.92,7.79,7.26
201308,-2.83,-2.33,-0.77,-1.95,-3.1,-2.85,-2.8,-2.64,-1.98,-1.25,-0.25,-1.86,-2.04,-3.01,-3.21
201309,5.22,5.22,6.64,5.8,6.47,5.45,4.93,4.85,5.64,7.41,5.8,5.35,6.22,6.25,6.75
201310,3.46,2.96,2.51,2.75,1.88,4.14,2.62,2.95,2.98,2.8,2.19,2.94,2.56,1.82,1.98
201311,4.12,4.24,4.56,4.54,4.7,4.27,3.94,4.49,3.96,3.82,5.37,4.53,4.55,5.81,3.23
201312,1.5,1.87,2.53,3.78,4.63,1.53,1.47,1.55,2.23,2.74,2.3,3.68,3.88,4.46,4.87
201401,-0.12,-0.86,-0.74,-1.44,1.27,0.36,-0.72,-1.54,-0.08,-1.13,-0.31,-1.5,-1.39,0.12,2.81
201402,3.58,4.47,4.15,5.63,6.02,3.68,3.45,3.85,5.18,3.65,4.7,5.25,5.99,5.13,7.21
201403,1.42,-0.07,-0.31,0.79,-0.19,0.75,2.25,0.61,-0.85,-0.29,-0.32,0.43,1.13,-0.43,0.15
201404,-2.25,-3.06,-4.3,-3.33,-4.16,-1.77,-2.86,-2.87,-3.26,-4.36,-4.23,-2.52,-4.12,-3.99,-4.4
201405,0.14,0.79,0.4,-0.31,-0.23,0.24,0.02,1.01,0.54,0.51,0.27,0.6,-1.19,0.17,-0.78
201406,3.69,4.07,3.66,4.48,5.72,3.15,4.38,3.25,5.02,3.78,3.52,4.14,4.82,5.17,6.49
201407,-4.05,-3.1,-4.28,-4.77,-6.51,-4.66,-3.38,-3.76,-2.39,-4.26,-4.3,-4.38,-5.15,-6.51,-6.51
201408,3.89,4.53,4.08,4.11,4.28,3.69,4.1,5.13,3.89,3.55,4.79,4.07,4.16,3.18,5.31
201409,-2.59,-3.52,-4.61,-6.83,-8.54,-3.19,-1.94,-3.17,-3.91,-3.98,-5.43,-5.76,-7.87,-7.43,-9.57
201410,4.41,4.51,4.22,1.86,-0.25,3.63,5.24,4.65,4.35,4.97,3.23,3.44,0.31,0.75,-1.19
201411,1.03,0.97,0.43,-0.91,-1.79,1.23,0.81,0.75,1.19,0.84,-0.11,-0.17,-1.62,-2.46,-1.16
201412,2.3,1.9,1.62,0.75,1.25,1.89,2.74,1.87,1.93,1.64,1.6,2.27,-0.74,2.64,-0.05
201501,-1.74,-3,-3.67,-4.46,-5.38,-1.33,-2.18,-2.65,-3.37,-3.49,-3.91,-4.21,-4.71,-4.32,-6.36
201502,4,5.11,7.11,8.34,9.79,4.03,3.96,5.5,4.7,7.21,6.98,8.17,8.51,9.97,9.62
201503,1.07,0.49,0.59,-0.34,-1.86,1.22,0.9,0.76,0.2,0.95,0.13,-0.14,-0.55,-1.98,-1.75
201504,-0.24,-0.54,-0.87,1.17,2.6,-0.1,-0.39,-1.38,0.35,-1.31,-0.29,-0.06,2.36,1.5,3.63
201505,1.65,1.41,0.3,0.17,-1.61,1.3,2.01,1.84,0.94,0.86,-0.43,0.35,0,-1.1,-2.09
201506,0.31,0.69,0.15,-0.36,-2.81,0.42,0.19,1.4,-0.07,0.3,-0.06,0.66,-1.34,-2.4,-3.19
201507,-0.17,-1.49,-2.54,-4.11,-8.1,-0.13,-0.21,-1.67,-1.31,-2.13,-2.96,-2.81,-5.43,-5.38,-10.39
201508,-3.36,-4.25,-4.52,-5.09,-4.2,-3.48,-3.22,-3.8,-4.71,-4.81,-4.23,-4.93,-5.25,-5.24,-3.33
201509,-3.03,-3.56,-4.37,-6.97,-9.76,-3.22,-2.81,-3.26,-3.86,-4.37,-4.37,-6.24,-7.71,-8.31,-10.98
201510,4.73,5.33,5.82,6.67,5.69,4.58,4.91,5.8,4.86,6.17,5.47,7.3,6.03,6.89,4.67
201511,2.24,0.87,1.75,2.9,3.57,2.75,1.64,1.5,0.23,1.85,1.65,2.35,3.44,2.22,4.73
201512,-2.39,-3.17,-4.9,-6.4,-8.33,-2.48,-2.29,-2.45,-3.89,-4.54,-5.28,-5.76,-7.04,-8.01,-8.61
201601,-6.61,-6.78,-7.28,-9.25,-12.4,-7.84,-5.19,-6.58,-6.99,-6.44,-8.14,-8.42,-10.07,-11.55,-13.17
201602,0.03,1.13,1.18,1.8,0.29,0.15,-0.12,1.55,0.71,0.93,1.43,2.17,1.43,0.93,-0.28
201603,5.21,6.07,8.06,10.17,12.32,4.64,5.87,5.08,7.06,8.21,7.9,8.19,12.14,12.31,12.34
201604,2.26,2.37,3.04,3.95,5.74,2.08,2.47,2.13,2.61,2.87,3.2,2.96,4.93,5.38,6.06
201605,0.18,0.75,1.14,1.85,-1.99,0.25,0.1,1.03,0.48,1.64,0.63,4.17,-0.47,-1.62,-2.32
201606,0.46,-0.2,-0.36,-1.88,0.41,-0.24,1.25,0.2,-0.59,-0.23,-0.5,-1.23,-2.53,-2.4,2.91
201607,4.29,5.94,5.64,6.52,7.61,3.29,5.17,5.89,5.99,5.09,6.19,6.41,6.63,7.91,7.33
201608,0.42,1.5,2.16,3.84,4.24,-0.55,1.28,0.99,2.06,2.32,1.99,2.79,5,3.71,4.73
201609,0.2,1.51,1.36,1.66,5.31,0.47,-0.03,1.76,1.24,1.54,1.18,1.34,2,3.84,6.71
201610,-2.94,-3.25,-4.65,-4.69,-10.38,-3.36,-2.57,-4.12,-2.33,-4.24,-5.08,-4.71,-4.67,-8.4,-12.26
201611,5.74,10.35,9.18,10.78,12.34,4.38,6.9,9.34,11.44,9.83,8.5,9.86,11.8,12.89,11.81
201612,2.59,2.35,2.28,3.49,0.64,1.84,3.24,2.05,2.66,2.41,2.14,3.22,3.79,1.73,-0.38
201701,1.23,0.68,1.98,1.93,2.39,1.23,1.24,0.71,0.64,1.62,2.34,2.18,1.67,-0.16,4.82
201702,1.32,1.88,0.56,1.99,2.14,0.7,1.85,1.79,1.98,0.14,1.01,1.31,2.73,2.53,1.77
201703,0.75,1.14,0.29,0.85,-0.38,1.29,0.28,0.97,1.33,0.34,0.25,0.6,1.12,-1.02,0.23
201704,0.37,1.87,0.71,1.04,-1.61,0.49,0.27,1.66,2.1,1.36,0.03,0.33,1.83,-0.45,-2.71
201705,-1.38,-1.59,-1.5,-2.17,-3.69,-1.3,-1.45,-2.02,-1.12,-1.82,-1.16,-2.29,-2.03,-3.28,-4.08
201706,2.47,2.18,4.96,4.11,4.76,1.91,2.95,1.7,2.7,2.98,6.97,4.56,3.6,4.85,4.68
201707,-0.21,-0.07,0.82,0.06,-0.7,-0.12,-0.31,-0.34,0.24,0.5,1.1,0.43,-0.25,-0.83,-0.6
201708,-2.05,-1.7,-1.54,-2.27,-1.33,-2.77,-1.31,-1.65,-1.75,-0.29,-2.61,-2.37,-2.19,-1.27,-1.38
201709,5.07,5.77,6.79,7.59,9.75,4.64,5.52,5.91,5.62,6.85,6.74,7.92,7.3,7.9,11.1
201710,-0.02,1.2,0.79,-0.03,-1.38,-0.16,0.11,0.29,2.23,1.47,0.2,0.8,-0.75,-0.66,-1.9
201711,4.28,3.91,3.05,3.18,3.52,4.42,4.14,3.81,4.01,2.66,3.39,1.99,4.2,2.3,4.41
201712,1.09,0.41,-0.34,0.77,2.49,0.62,1.58,0.09,0.77,-0.23,-0.43,0.64,0.88,2.24,2.68
201801,1.85,2.51,3.14,3.24,5.16,2.59,1.1,2.29,2.76,2.93,3.33,3.19,3.27,4.39,5.72
201802,-3.12,-2.75,-4.54,-4.71,-5.69,-3.4,-2.85,-2.64,-2.87,-4.65,-4.45,-5.24,-4.25,-4.86,-6.3
201803,1.49,1.24,1.26,1.07,-0.42,1.82,1.16,1.88,0.53,0.67,1.77,1.21,0.94,-0.58,-0.31
201804,0.16,0.85,-0.62,0.58,2.94,-0.12,0.44,0.61,1.12,-0.69,-0.56,0.64,0.53,1.51,4
201805,3.65,5.17,4.7,5.38,6.06,3.99,3.3,5.78,4.51,6.04,3.55,6.11,4.75,6.23,5.94
201806,2.73,1.15,0.78,0.27,-1.51,3.77,1.67,1.66,0.58,1.05,0.54,0.32,0.23,-0.92,-1.94
201807,0.52,1.28,1.3,1.22,-0.34,-0.47,1.64,1.32,1.23,1.84,0.82,1.26,1.19,-0.14,-0.47
201808,4.12,3.24,2.33,3.17,4.35,5.19,2.89,3.91,2.54,2.02,2.6,2.42,3.86,3.95,4.6
201809,-1.9,-1.33,-2.61,-1.46,-2.02,-2.04,-1.73,-1.04,-1.65,-2.61,-2.6,-1.47,-1.46,-0.66,-2.86
201810,-6.76,-8.45,-10.39,-10.51,-13.46,-6.66,-6.87,-8.15,-8.76,-10.77,-10.05,-9.98,-11.01,-12.32,-14.16
201811,-0.48,1.4,1.51,0.36,-2.93,-0.77,-0.15,0.3,2.55,1.63,1.39,1.09,-0.33,-1.51,-3.81
201812,-10.55,-10.81,-12.39,-13.08,-17.97,-11.37,-9.61,-10.48,-11.17,-12.22,-12.54,-13.53,-12.65,-16.39,-18.95
201901,11.47,11,12.62,13.88,19.72,12.85,9.91,10.72,11.29,12.86,12.41,13.47,14.27,17.64,20.99
201902,4.82,4.35,4.78,5.28,6.25,4.68,4.99,4.64,4.06,4.42,5.11,5.39,5.17,6.33,6.2
201903,-0.59,-1.89,-2.87,-2.03,-1.55,0.51,-1.83,-1.09,-2.75,-2.49,-3.22,-2.85,-1.27,-4.02,0
201904,1.74,3.1,4.09,4.06,1.07,0.76,2.84,2.75,3.46,3.53,4.61,5.02,3.16,2.15,0.38
201905,-6.82,-5.31,-8.94,-9.64,-11.26,-6.85,-6.8,-4.4,-6.26,-9.13,-8.77,-9.62,-9.66,-10.93,-11.48
201906,4.03,5.42,6.45,7.39,5.71,2.79,5.42,5.46,5.37,7.35,5.62,7.9,6.91,5.7,5.72
201907,-0.12,0.74,0.65,0.02,-3.83,-1.47,1.4,0.64,0.85,0.38,0.98,0.73,-0.73,-1.56,-5.35
201908,-2.93,-4.21,-5,-5.96,-7.71,-3.06,-2.79,-3.78,-4.64,-4.93,-5.08,-6.62,-5.26,-7.58,-7.79
201909,2.09,2.97,3.77,3.96,2.34,1.52,2.72,2.96,2.99,3.67,3.9,3.47,4.48,3.85,1.32
201910,0.6,0.86,1.5,1.57,-1.95,-0.13,1.4,0.13,1.61,2.38,0.37,1.53,1.61,-0.23,-3.1
201911,3.03,2.87,3.69,4.36,4.31,3.39,2.63,2.87,2.88,2.59,5.09,3.58,5.2,3.38,4.94
201912,3.36,3.38,3.64,6.12,6.52,4.13,2.5,2.86,3.89,3.45,3.87,5.45,6.84,6.39,6.6
202001,1.88,-2.22,-2.56,-4.18,-2.88,6.85,-3.7,-1.95,-2.49,-2.25,-2.95,-4.25,-4.11,-3.34,-2.57
202002,-5.54,-8.58,-8.2,-9.62,-7.85,-3.74,-7.57,-7.97,-9.2,-7,-9.74,-9.28,-9.98,-8.33,-7.52
202003,-17.82,-21.54,-22.77,-25.29,-26.13,-16.47,-19.35,-21.33,-21.75,-22.71,-22.85,-25.01,-25.58,-27.42,-25.25
202004,14.96,15.97,17.17,20.3,25.96,14.52,15.45,15.8,16.15,17.89,16.25,18.25,22.5,24.19,27.16
202005,5.88,4.94,5.34,8.23,11.78,7.75,3.77,3.28,6.63,4.48,6.45,7.93,8.55,8.79,13.82
202006,7.19,2.55,3.8,5.7,10.11,10.15,3.89,2.91,2.19,3.9,3.68,6.91,4.39,8.81,11
202007,3.9,2.92,3.11,4.18,7.62,4.69,3.12,2.83,3.01,2.59,3.65,4,4.37,8.45,6.98
202008,1.31,3.9,5.69,8.36,4.43,-0.42,3.04,3.68,4.13,5.39,6.01,6.53,10.17,5.95,3.26
202009,-3.31,-3.63,-3.42,-2.46,-1.96,-3.21,-3.42,-3.48,-3.78,-3.45,-3.38,-1.02,-3.87,-1.88,-2.02
202010,0.32,3.55,2.16,1.96,0.38,-0.74,1.38,2.58,4.52,1.78,2.56,1.72,2.19,2.15,-0.98
202011,12.46,15.05,20.5,22.77,30.58,10.74,14.17,14.37,15.74,19.22,21.85,21.26,24.27,27.08,33.28
202012,6.31,8.03,8.95,9.5,11.1,5.35,7.27,7.66,8.41,9.13,8.75,9.47,9.53,7.93,13.55
202101,10.5,7.04,8.56,12.92,18.15,13.19,7.79,9.68,4.38,7.1,10.11,13.19,12.64,13.3,21.91
202102,4.36,8.47,9.4,11.6,14.16,3.85,4.87,7.79,9.16,9.94,8.82,10.4,12.81,12.98,15.09
202103,5.27,3.87,2.6,2.56,0,6.85,3.67,3.84,3.91,2.26,2.97,1.98,3.15,0.16,-0.12
202104,0.44,4.01,2.28,1.72,0.61,-0.91,1.78,5.28,2.73,2.5,2.05,1.08,2.36,2.53,-0.9
202105,1.98,1.73,1.53,1.97,2.77,1.42,2.54,1.41,2.05,2.49,0.5,1.77,2.17,3.9,1.89
202106,1.43,1.24,2.36,2.49,4.59,2.66,0.21,1.19,1.28,2.1,2.63,2.29,2.68,4.08,4.99
202107,-1.13,-0.79,-2.67,-4.09,-8.34,-1.49,-0.74,0.16,-1.71,-2.82,-2.52,-2.76,-5.43,-4.48,-11.27
202108,1.71,2.79,1.77,2.07,2.97,1.31,2.14,2.46,3.11,1.44,2.09,1.4,2.74,2.58,3.26
202109,-3.47,-2.8,-1.73,-2.08,-2.42,-4.18,-2.68,-3.06,-2.55,-2.47,-0.99,-3.49,-0.65,-2.4,-2.43
202110,1.46,3.67,3.35,2.51,2.72,-0.46,3.55,4.1,3.25,3.26,3.43,2.61,2.4,2.4,2.98
202111,-4.01,-2.98,-3.83,-6.16,-9.22,-4.25,-3.74,-2.96,-3.01,-3.43,-4.23,-4.38,-8.01,-6.77,-11.12
202112,1.32,3.29,2.22,1.05,-3.02,-0.52,3.36,3.57,3.02,3.03,1.39,2.3,-0.25,0.23,-5.5
202201,-6.1,-6.13,-6.8,-7.84,-9.69,-6.37,-5.81,-6.33,-5.95,-5.87,-7.75,-7.45,-8.23,-8.21,-10.83
202202,-0.8,-1.36,-0.1,0.42,2.1,-1.88,0.38,-1.13,-1.58,0.19,-0.41,0.61,0.23,2.6,1.72
202203,3.9,1.57,1.73,-0.69,3.26,5.02,2.65,1.18,1.95,2.24,1.21,-1.07,-0.31,2.06,4.17
202204,-9.1,-8.66,-9.96,-10.65,-14.89,-10.09,-8,-8.55,-8.78,-10.05,-9.86,-9.84,-11.49,-12.37,-16.8
202205,-0.9,0.23,-0.89,-1.99,-3.75,-1.55,-0.19,0.75,-0.28,-0.86,-0.93,-1.85,-2.13,-2.92,-4.38
202206,-2.72,-5.62,-7.31,-8.81,-11.01,-2,-3.52,-5.82,-5.42,-7.15,-7.47,-7.66,-9.97,-10.79,-11.17
202207,5.44,7.61,8.31,10.66,10.1,4.32,6.74,6.28,9.12,7.3,9.26,11.92,9.68,9.69,10.41
202208,-1.4,-0.4,-1.41,-1.6,2.08,-0.41,-2.55,-0.55,-0.22,-2,-0.85,-1.16,-1.95,2.78,1.55
202209,-9.33,-8.84,-9.74,-11.2,-15.74,-9.66,-8.95,-8.46,-9.27,-9.27,-10.18,-10.84,-11.48,-13.66,-17.29
202210,6.35,8.14,11.19,8.16,7.91,5.18,7.68,9.33,6.77,11.72,10.68,9.27,7.31,7.38,8.31
202211,1,2.98,3.5,3.89,0.09,-0.35,2.55,3.14,2.79,2.97,4,5.48,2.67,2.78,-1.94
202212,-5.44,-3.66,-4,-4.78,-7.54,-5.35,-5.55,-4.41,-2.8,-2.92,-5.02,-4.08,-5.31,-3.74,-10.4
202301,7.71,8.34,11.55,16.47,21.8,8.8,6.47,8.4,8.28,11.05,12.02,14.6,17.9,17.75,24.86
202302,-3.25,-2.09,-2.77,-3.05,-5.89,-3.94,-2.48,-2,-2.2,-2.76,-2.77,-2.17,-3.73,-4.24,-7.14
202303,-4.2,-5.8,-5.11,-5.82,-7.66,-2.93,-5.64,-6.21,-5.33,-3.88,-6.29,-5.73,-5.9,-5.17,-9.54
202304,-1.46,-3.03,-1.42,-1.95,-3.03,-1.63,-1.26,-2.73,-3.38,-2.36,-0.52,-2.07,-1.87,-2.64,-3.33
202305,-1.79,-2.16,-0.03,-2.09,0.81,-1.84,-1.74,-2.01,-2.33,0.45,-0.49,-2.29,-1.94,0.18,1.29
202306,3.79,6.82,8.2,7.88,7.01,4.36,3.14,5.78,8.05,7.25,9.11,7.88,7.88,7.76,6.44
202307,3.32,5.07,5.06,6.06,7.54,2.28,4.93,5.5,4.65,3.81,6.37,6.19,5.94,5.09,8.98
202308,-6.29,-4.66,-5.09,-5.47,-9.62,-6.21,-6.42,-4.44,-4.87,-4.99,-5.2,-3.49,-7.37,-6.59,-11.41
202309,-5.22,-4.98,-5.19,-7.03,-9.64,-4.49,-6.31,-5.74,-4.23,-4.82,-5.58,-7.78,-6.3,-9.26,-9.86